-- phpMyAdmin SQL Dump
-- version 4.0.10.18
-- https://www.phpmyadmin.net
--
-- Host: localhost:3306
-- Generation Time: Oct 03, 2017 at 10:01 PM
-- Server version: 5.6.36-cll-lve
-- PHP Version: 5.6.30

SET SQL_MODE = "NO_AUTO_VALUE_ON_ZERO";
SET time_zone = "+00:00";


/*!40101 SET @OLD_CHARACTER_SET_CLIENT=@@CHARACTER_SET_CLIENT */;
/*!40101 SET @OLD_CHARACTER_SET_RESULTS=@@CHARACTER_SET_RESULTS */;
/*!40101 SET @OLD_COLLATION_CONNECTION=@@COLLATION_CONNECTION */;
/*!40101 SET NAMES utf8 */;

--
-- Database: `robotix`
--
CREATE DATABASE IF NOT EXISTS `robotix` DEFAULT CHARACTER SET latin1 COLLATE latin1_swedish_ci;
USE `robotix`;

--
-- Dumping data for table `component`
--

INSERT INTO `component` (`id`, `name`) VALUES
(30, '10K Variable Resistor'),
(1, '16X2 LCD Display'),
(29, '2N3903 Transistor'),
(31, '330 Ohm Resistor'),
(2, 'Accelerometer'),
(3, 'Arduino USB Cable'),
(4, 'Breadboard'),
(5, 'Buzzer'),
(6, 'DC Duino'),
(7, 'DC Gear Water Pump'),
(8, 'Infra Red Obstacle'),
(25, 'Infra Red Receiver'),
(33, 'Infra Red Remote'),
(9, 'Jumper Wires'),
(10, 'Large Push Buttons'),
(11, 'Laser Module'),
(12, 'LED'),
(26, 'LED Green'),
(27, 'LED Red'),
(13, 'Light Dependent Resistors'),
(14, 'Metal Gaer Servo'),
(15, 'Microphone'),
(16, 'PIR Sensor'),
(17, 'Rainbow m/f cables'),
(18, 'RGB 4 pin LED'),
(28, 'RGB LED Module'),
(19, 'RGB plug-n-play module'),
(20, 'Small Transistors'),
(21, 'Soil Moisture Sensor'),
(22, 'Speaker'),
(23, 'Temp/Humidity Sensor'),
(24, 'Ultrasonic Sensor');

--
-- Dumping data for table `home_element`
--

INSERT INTO `home_element` (`id`, `name`, `description`, `image`, `link`) VALUES
(1, 'Kits', 'Check out our Kits store to get you started with building you own circuits.', '1.png', 'kits'),
(2, 'Software', 'Download the free software required for programming Arduino boards.', '2.png', 'software'),
(3, 'Videos', 'Master the art of robotics with our extensive collection on video tutorials.', '3.png', 'videos');

--
-- Dumping data for table `kit`
--

INSERT INTO `kit` (`id`, `name`, `price`, `description`, `image`, `qty`, `paypal_id`) VALUES
(1, 'Robotix Development', '44.00', 'Everything you need for the Arduino Basic Course', '1.jpg', 10, 'QWNWU39DF43JQ'),
(2, 'Output Device Pack', '22.00', 'Build even more circuits with this expansion pack', '2.jpg', 10, 'GBPXMMR9NQL88'),
(3, 'Sensor Pack', '22.70', 'Build even more circuits with this expansion pack', '3.jpg', 10, '7X46W28BG2M6Q');

--
-- Dumping data for table `kit_build`
--

INSERT INTO `kit_build` (`kit_id`, `video_id`) VALUES
(1, 1),
(1, 2),
(1, 3),
(1, 6),
(1, 7),
(1, 8),
(1, 9),
(1, 10),
(1, 11),
(1, 12),
(1, 13),
(1, 14),
(1, 15),
(1, 16),
(1, 17),
(1, 18),
(1, 21),
(1, 23),
(1, 24),
(1, 25),
(1, 38),
(1, 39),
(1, 40),
(1, 41),
(1, 42),
(1, 43),
(1, 44),
(1, 45),
(1, 46),
(1, 47);

--
-- Dumping data for table `part`
--

INSERT INTO `part` (`kit_id`, `component_id`, `component_qty`) VALUES
(1, 3, 1),
(1, 4, 1),
(1, 5, 1),
(1, 6, 2),
(1, 9, 60),
(1, 10, 4),
(1, 11, 1),
(1, 13, 2),
(1, 15, 1),
(1, 23, 1),
(1, 24, 1),
(1, 25, 1),
(1, 26, 6),
(1, 27, 2),
(1, 28, 1),
(1, 29, 1),
(1, 30, 6),
(1, 31, 6),
(1, 33, 1),
(2, 15, 2),
(2, 16, 1),
(2, 17, 1),
(2, 18, 1),
(2, 19, 1),
(2, 20, 5),
(3, 19, 2),
(3, 20, 3),
(3, 21, 1),
(3, 22, 1),
(3, 23, 1),
(3, 24, 1),
(8, 1, 2),
(8, 2, 2),
(9, 1, 1),
(9, 2, 1),
(10, 1, 3),
(10, 2, 3);

--
-- Dumping data for table `playlist`
--

INSERT INTO `playlist` (`id`, `name`, `description`, `yt_pl_id`) VALUES
(1, 'Robotix Arduino Basic Course', '', 'PL_92WMXSLe_8kLz76Sxsv6dGC8Kw8FfD2'),
(2, '2 Minute Circuits', '', 'PL_92WMXSLe_8jWDWjGyVejy2jlVatTNex'),
(3, 'Stage 2: Arduino Intorduction to Programming', '', 'PL_92WMXSLe_8ILuN14wd47XbHkayiu0eA'),
(4, 'Stage 3: Arduino Intermediate Concepts', '', 'PL_92WMXSLe_-YtuSDF6kSDO-qHCqCGYGB'),
(5, 'Programming Arduino Challenges', '', 'PL_92WMXSLe_8QPtgTSo4Dz5NbWANNKJS5'),
(6, 'Stage 1: Breadboarding Zero To Hero', 'This is a playlist of 11 interesting and interactive circuits designed to get beginners comfortable with breadboards and circuit wiring! \n\nIdeal for kids and schools!', 'PL_92WMXSLe_81KttkBG6Nq4J8D-7lTou_'),
(7, 'Electromagnetism', '', 'PL_92WMXSLe__DCuMW5TJZtRXvkaR97RTe'),
(8, 'Scratch Mathematics', '', 'PL_92WMXSLe_-keue5OeRSSpuyoS7YOYRW'),
(9, 'Scratch Platformer', '', 'PL_92WMXSLe_9nZgXcV-fbXlKckCKJIT8D'),
(10, 'Python Fundamentals', 'Python is an interpreted text based general purpose programming language, which is a key requisite of the 7-10 Digital Technologies Curriculum. Python is also the only professional programming language that was designed with beginners in mind, it is intuitive and easy to use', 'PL_92WMXSLe_9rXWNE_sAa5v1_G9-KI8k1'),
(11, 'VLOG', '', 'PL_92WMXSLe_-kYd_ur5YFe_0E90ENMz51');

--
-- Dumping data for table `robotix_admin`
--

INSERT INTO `robotix_admin` (`id`, `email`, `password`) VALUES
(1, 'michelepeghini@gmail.com', 'mic'),
(2, 'ozrobotix@gmail.com', '111');

--
-- Dumping data for table `robotix_user`
--

INSERT INTO `robotix_user` (`id`, `email`, `password`) VALUES
(1, 'michelepeghini@gmail.com', 'mic'),
(2, 'guymer.geoffrey.d@edumail.vic.gov.au', 'chief@HOOHAH2'),
(3, 'maxwell.carla.d@gmail.com', 'carladg'),
(4, 'rosasj@kilvington.vic.edu', 'physics'),
(5, 'drosewarne@gmail.com', 'Minecraft1'),
(6, 'liu200767@hotmail.com', '25893155'),
(7, 'smshahin_ruet@yahoo.com', '021004'),
(8, 'rusalimum@hotmail.com', '123456789'),
(9, 'mfalraii@gmail.com', '055555'),
(10, 'samuelf@elthameastps.vic.edu.au', 'ROBOTIX'),
(11, 'hasibrah63@gmail.com', 'awse2313'),
(12, 'orgenes.kitundu@yahoo.com', 'KAKAdada@0783552816'),
(13, 'neelpatel1203@gmail.com', 'p244wordneel'),
(14, 'solderman.vr@gmail.com', 'solderman39'),
(15, 'eshmal.fatima@yahoo.com', '81218121'),
(16, 'luisurrutia14@yahoo.com', 'Snorlax14'),
(17, 'john-dav@mail.com', 'caspajack'),
(18, 'matyatt@yahoo.com', 'l6450wa'),
(19, 'amirulmukminin910@gmail.com', 'amirul910'),
(20, 'p.grigarek@gmail.com', '291900pg'),
(21, 'kelcy@earthlink.net', '823PDj3'),
(22, 'mangalmurti28@gmail.com', 'nopassword'),
(23, 'azetysystem@gmail.com', 'spiderman'),
(24, 'darrylalagdon@gmail.com', 'nokia1208'),
(25, 'brunotecfrio@gmail.com', 'bxd3120'),
(26, 'srinandu.g@gmail.com', 'robotix123'),
(27, 'luberzki@yahoo.com', 'kimochi'),
(28, 'vanmathiashokkumar@gmail.com', 'silvermoon8'),
(29, 'isketor@gmail.com', 'ipl30476'),
(30, 'f.vale@campus.fct.unl.pt', 'nollie'),
(31, 'qamars65@gmail.com', '009168704890'),
(32, 'basumansion_ig@yahoo.com', '1234shreeBASU'),
(33, 'darkworld1608@gmail.com', '123456asdf'),
(34, 'gladstonetrain@charter.net', 'trains'),
(35, 'jorg49@iinet.net.au', 'Ranger65'),
(36, 'abdallahelsayedabdallah@gmail.com', 'ab10101994'),
(37, 'uescleic@yahoo.com.br', 'salustiano'),
(38, 'waseemullahkhanwazir@gmail.com', 'Meesaw_20130626'),
(39, 'zubayer_007@yahoo.com', 'zubayer007'),
(40, 'jmlugar@cox.net', 'Karijust01'),
(41, 'hassanmaan12@gmail.com', 'hassanmaan12'),
(42, 'jackson_tyc99@hotmail.com', 'Pc010a055'),
(43, 'berinizmed@hotmail.com', '199200med'),
(44, 'flhuede@icloud.com', '24601f1'),
(45, 'karencsc2014@gmail.com', 'abcdefg321654'),
(46, 'opikhcrb@gmail.com', 'insyaallah'),
(47, 'saivarma.chinta@gmail.com', 'saiswamy'),
(48, 'timhandmer@gmail.com', 'd99877'),
(49, 'fly.williams@ccg.vic.edu.au', 'Bm123123'),
(50, 'slupo62@verizon.net', 'Plato101'),
(51, 'gustamayo16@gmail.com', 'Jackass'),
(52, 'jojomak13@yahoo.com', '012267890'),
(53, 'shawnle03@hotmail.com', 'betien8080'),
(54, 'osiemonwar16@gmail.com', 'Lollipop00'),
(55, 'danny_fofo@hotmail.co.uk', 'moreno112'),
(56, 'rico@x-tron.de', 'r2d23po2'),
(57, 'arnab.anik2000@gmail.com', 'arnab007'),
(58, 'ammar.taima@hotmail.com', 'Ammarcdo2013'),
(59, 'brian_ski@ymail.com', 'november20@@'),
(60, 'hda.a.singh@gmail.com', 'monnik123'),
(61, 'herichi2006@gmail.com', 'herichianoh'),
(62, 'khaledamir93@gmail.com', 'embeddedsystems'),
(63, 'hurman.junaid@yahoo.com', '362apcsir2'),
(64, 'iradudesire100@yhoo.fr', 'mukwano1'),
(65, 'supsplayzcrimclub@gmail.com', 'SuperRobots'),
(66, 'scott.routledge68@gmail.com', 'Impreza96'),
(67, 'kokkula.manikanta@gmail.com', '9966695770'),
(68, 'digitalsmurf@live.com.au', 'robo41279JG'),
(69, 'avogarodominik@virgilio.it', 'dareios7'),
(70, 'fiona.vella@kilbreda.vic.edu.au', 'mcKernan12'),
(71, 'platinum71@gmail.com', 'aweawe123'),
(72, 'admin@2all.co.il', '1234'),
(73, 'mertyigit_581@hotmail.com', '006378'),
(74, 'rzamora@numaweb.com', 'numa1234'),
(75, 'izzdanial3589@gmail.com', 'ABEfayyadh1994'),
(76, 'marceldor@me.com', 'xt5-wkA-gCN-QaK'),
(77, 'luiswicho_1@hotmail.com', 'pepetoli'),
(78, 'you.n.me.nn@gmail.com', 'nari'),
(79, 'd.soucek@quick.cz', 'fernet'),
(80, 'magsinonikko08@gmail.com', 'seawade'),
(81, 'pierp20@hotmail.com', 'zymos123'),
(82, 'noobninja@gmail.com', 'aj'),
(83, 'matrixserverx@gmail.com', 'matrix'),
(84, 'kjvantill@hotmail.com', 'Lowlands2010'),
(85, 'hussain_abuelkhair@yahoo.com', '12345'),
(86, 'yourcashisjohnis@gmail.com', 'cv108dw'),
(87, 'dan.bystrom@binsy.se', 'jM9d44KP'),
(88, 'm.farid@hotmail.com', 'mano2691'),
(89, 'oseimarfo3@gmail.com', '0247624830'),
(90, 'zlitnihsen@yahoo.fr', 'dasdous007'),
(91, 'syam.kishore67@gmail.com', 'Bunny@647'),
(92, 'aratansi@gmail.com', 'rOBOTIX'),
(93, 'lorenz_pamplona@yahoo.com', 'Johderyn23'),
(94, 'john.kaffenbarger@yahoo.com', 'Cheyenne1'),
(95, 'victorcarmonarivera@gmail.com', 'Violeta2016'),
(96, 'ahmed.kh1900@gmail.com', '15935700mM'),
(97, 'wpps.pramod@gmail.com', 'classmate1'),
(98, 'g1301693@mvrht.com', 'Legacy12'),
(99, 'iron.jarvis.man@gmail.com', 'Qwerty@2635'),
(100, 'akashonline@outlook.com', 'thathi1111'),
(101, 'imamn2011@gmail.com', 'IMAMNEGERI2011'),
(102, 'amino201516@gmail.com', 'amin2015'),
(103, 'shivangsharma2409@gmail.com', 'shivang'),
(104, 'jotechltdng@gmail.com', 'ibemz-co'),
(105, 'mgw@twc.com', 'bubba85'),
(106, 'singadoc@gmail.com', 'aodrhd33'),
(107, 'ckoumoul@gmail.com', 'mchrc2'),
(108, 'khansahab.bk71@gmail.com', 'bilal123'),
(109, 'usturgeom@gmail.com', '9860063929'),
(110, 'vasudev.bmsce@gmail.com', 'coolvasu@work340'),
(111, 'nikoskr@windowslive.com', 'KROKOS190842'),
(112, 'benchaib.yacine@gmail.com', 'force10'),
(113, 'o_connortony@hotmail.com', 'abledealer'),
(114, 'r.k.lowe@curtin.edu.au', 'r1cl3ard'),
(115, 'trostonfernandes15@gmail.com', 'casio015'),
(116, 'paponashraf@gmail.com', 'Papon31416'),
(117, 'robert.krone@outlook.com', 'Terror01'),
(118, 'sergiovilla_5@hotmail.com', 'ser16030944'),
(119, 'ramshaelizabeth@yahoo.com', 'changetheworld1'),
(120, 'andrei.dobre22@gmail.com', 'ivanhoe1994'),
(121, 'jspfleury@gmail.com', 'joey1629'),
(122, 'dh3dyry93@gmail.com', 'teknisi5893'),
(123, 'dry58@yahoo.co.id', 'teknisi5893'),
(124, 'joerice01@gmail.com', 'notmypassword'),
(125, 'pravinpillai21@yahoo.co.in', 'Amalapillai21'),
(126, 'collinsm92@gmail.com', 'password43'),
(127, 'manisha.bindal17@gmail.com', 'sona9050150292'),
(128, 'sivaaruliah@gmail.com', 'Qazx1234'),
(129, 'axessgcec@gmail.com', 'geostigma'),
(130, 'soneru@thy.com', '000000'),
(131, 'waleedqasim009@gmail.com', 'abcABCabcABC'),
(132, 'ridhiridhuu@gmail.com', 'clocktowers'),
(133, 'cschooltink@gmail.com', 'a060999z'),
(134, 'dpm_1951@hotmail.com', 'a1x2c3d3'),
(135, 'gsp.tech.labs@gmail.com', 'roborobo'),
(136, 'metallor9@gmail.com', '1111111111'),
(137, 'vinommathewz@gmail.com', 'michupachu'),
(138, 'tibo.33130@gmail.com', 'Samourai88'),
(139, 'olly@technologycare.com.au', 'Bodalla1'),
(140, 'mlsully2002@gmail.com', 'password'),
(141, 'benkerriabdelillah@gmail.com', 'Abouddin11'),
(142, 'sanju007kalol@aol.com', 'Iphone@123'),
(143, 'vrensbj@yahoo.com', 'VWAmarok2011'),
(144, 'shubh2012@gmail.com', '8181800645'),
(145, 'christian@gmail.com', '0159456123'),
(146, 'hafififmsp@gmail.com', 'ha34341251'),
(147, 'sandeepkumarb@karunya.edu.in', 'Sand12345'),
(148, 'erkanokman@gmail.com', 'erkan186'),
(149, 'sarahalkahlan@gmail.com', 'SaRa123456'),
(150, 'donaldsutherland@sky.com', 'Wd03sud52'),
(151, 'marek.milak@seznam.cz', '123456789lolday'),
(152, 'mounir_maizhadjahmed@outlook.com', '26011992'),
(153, 'simoart212@gmail.com', 'Sm150105'),
(154, 'tspt89@hotmail.com', 'Apollo13'),
(155, 'egonzal3@oswego.edu', 'georgia1'),
(156, 'gugacdc@uol.com.br', 'guga@200286'),
(157, 'gvaishali9493@gmail.com', 'babulalbtirt'),
(158, 'nishanchettri0@icloud.com', 'Niss@n10'),
(159, 'ging.ece@gmail.com', 'drearyday'),
(160, 'green_14nov@hotmail.com', 'Paladin'),
(161, 'mbatelochi16@gmail.com', 'mab09ork'),
(162, 'almeria@clubtres60.com', 'igor2415'),
(163, 'krakry1@o2.pl', 'Szoszon_65'),
(164, 'kosong7.b@gmail.com', 'kosong7.b'),
(165, 'fabweld@xtra.co.nz', 'Coates31'),
(166, 'cevant@cox.net', 'divingecko'),
(167, 'manoj.sahu.1998ms@gmail.com', '9312351530'),
(168, 'irmarief.ia@yahoo.com', '1234567890arief'),
(169, 'basel.dehin@gmail.com', 'danohabibalbi1'),
(170, 'jansetkarademir@gmail.com', '135135135'),
(171, 'novaagustina6@gmail.com', '20agustus'),
(172, 'nico_reinhardt@freenet.de', 'Hermann01'),
(173, 'locotes_1981@hotmail.com', 'cerotega'),
(174, 'indiansloveindie@gmail.com', '38443844'),
(175, 'ziga.kokolj@gmail.com', 'Kokolj'),
(176, 'mohdizwan4094.1@gmail.com', 'kcqkdr6649'),
(177, 'oraymond49@gmail.com', 'Network123456'),
(178, 'afiqah_sani@yahoo.com', 'Nurafiqah96'),
(179, 'ilvia.chacon.miranda@gmail.com', 'yyy7093ec9'),
(180, 'natasha.rohan@gmit.ie', 'br7mi5da3'),
(181, 'rsl@nospam.dk', 't9eRhpw0ro'),
(182, 'thegamedoctor34@gmail.com', 'tarantula9'),
(183, 'maggie.laitszshuen@gmail.com', '9v7dnuaw'),
(184, 'shubhmshtaputre12@gmail.com', 'agnus1234'),
(185, 'davis.ron@btinternet.com', 'rock2280'),
(186, 'wamrambo@comcast.net', 'sophie1225'),
(187, 'tacoethan73@gmail.com', 'Mystery123'),
(188, 'sfty3e@gmail.com', 'appolomop'),
(189, 'taps1197@gmail.com', 'twinkle08'),
(190, 'modenaken548@gmail.com', 'jeanneth548'),
(191, 'mike.dale007@btinternet.com', '1festina'),
(192, 'shivendusuman@gmail.com', 'shivendu12'),
(193, 'tomaslinkevicius95537@gmail.com', 'dom95537'),
(194, 'jsevans63@gmail.com', 'NJ051663r'),
(195, 'iamaakashmaurya@gmail.com', 'Aa@26121998'),
(196, 'khazaee.amir@gmail.com', '7300201102'),
(197, 'kasunmaura@msn.com', 'k61n614'),
(198, 'liezcd@gmail.com', 'zelski'),
(199, 'ken_knox@hotmail.com', 'crabbies4'),
(200, 'thiongo92@gmail.com', '0726610840'),
(201, 'manishnikam1996@gmail.com', 'P0re0tics'),
(202, 'ahmed.seif805@hotmail.com', '01067580467a'),
(203, 'andsol123@gmail.com', 'km4tg0yge0'),
(204, 'tejanmehndiratta15@gmail.com', 'arihant@1501'),
(205, 'bhavaniguguloth96@gmail.com', 'rasool@7'),
(206, 'kpm@muskelshirt.de', 'Ilo061108'),
(207, 'mussom4x@gmail.com', '123max321'),
(208, 'kapilgupta2cool@gmail.com', 'infrared'),
(209, 'gwoodhouse.pei@gmail.com', 'PEH_hotel1'),
(210, 'goupilp@gmail.com', 'frordeRO777'),
(211, 'berati70@hotmail.com', 'mirza2006'),
(212, '', ''),
(213, 'marknight@maildrop.cc', 'kennwort'),
(214, 'benedictleung0711@hotmail.com', '5464711'),
(215, 'sujay.ambelkar077@gmail.com', 'sujay261996'),
(216, 'serge.vanhaudenhove@hotmail.com', 'tipex2010'),
(217, 'dlkagvanyam@gmail.com', '95713804'),
(218, 'rizqi_dork@rocketmail.com', 'happyending'),
(219, 'rishitaghosh005@gmail.com', 'rishita12345'),
(220, 'lferry@hotmail.fr', 'lfe133'),
(221, 'ahmedmag16@hotmail.com', '123456'),
(222, 'kluba.jp@gmail.com', '7777777'),
(223, 'invernessflpressurewashing@gmail.com', 'binzer78'),
(224, 'daniel.schaben@arapahoewarriors.org', 'Arap07teach'),
(225, 'satyawas23@gmail.com', 'RoboUno@2017'),
(226, 'chananeayoub@hotmail.fr', '2022410'),
(227, 'anamzahid05@gmail.com', 'ALLAHHUMMA123'),
(228, 'bpurneshsingh@gmail.com', 'Purnesh04'),
(229, 'baist1402@gmail.com', 'blackknight94'),
(230, 'itodd2@yahoo.ca', 'teamlosi8t'),
(231, 'kotasireesha123@gmail.com', 'firstproject'),
(232, 'smaheshvasan@gmail.com', 'indian10'),
(233, 'rheabanthia97@gmail.com', 'aditi1992'),
(234, 'nenevisk@gmail.com', 'cavalo13'),
(235, 'nenevisk@gmail.com', 'cavalo13'),
(236, 'ebin.eldhose.mec@gmail.com', 'robotix123'),
(237, 'aversandip95@gmail.com', 'avere123'),
(238, 'astrotech360@gmail.com', 'pandora@2065'),
(239, 'mitanshushah27@hotmail.com', 'vaishujay'),
(240, 'bimo.aswin4@gmail.com', 'kepobanget'),
(241, 'info@abranchoftreetop.com.au', 'princess'),
(242, 'kyriakouelizabeth@gmail.com', '6292nobel'),
(243, 'bg89yz@student.sunderland.ac.uk', 'Asdf1234'),
(244, 'michaelclery@hotmail.com', 'spohskrow17'),
(245, 'tony.piepers@telenet.be', 'tonpitonpi'),
(246, 'alltomyself18@hotmail.com', 'Money4ever'),
(247, 'craigeveritt@hotmail.com', 'Hugo08'),
(248, 'samuel_5522@hotmail.com', 'bh041a057'),
(249, 'tom.gundlach1@gmx.de', '1son2ne3'),
(250, 'lagslori@yahoo.com', 'robotixlags'),
(251, 'acrown1234@live.com', 'A1s134'),
(252, 'jamesckorn@aol.com', 'sksdoor9'),
(253, 'ag27fox@gmail.com', 'greyfox64'),
(254, 'liowmeijin04@gmail.com', 'lmjlh2363'),
(255, 'narastrappa@gmail.com', '332184'),
(256, 'ssstepheneroberts1953@sky.com', '1montego'),
(257, 'stepheneroberts1953@sky.com', '1montego'),
(258, 'wumniam@gmail.com', '595704'),
(259, 'rogejmnr@hotmail.com', 'mpsni93L'),
(260, 'monicasousareis94@gmail.com', 'colauniversal8'),
(261, 'ajkjnr2@gmail.com', 'google1996'),
(262, 'javiermendez904@hotmail.com', '123456789'),
(263, 'egfree.com@gmail.com', '0120101942'),
(264, 'fff.ff@dot.com', '123456'),
(265, 'alihousseini2009@hotmail.com', 'Alalii123'),
(266, 'marcecons@hotmail.com', '570112'),
(267, 'navjeet00@gmail.com', '9472699531'),
(268, 'mahfoudh222@gmail.com', '0778142595'),
(269, 'jekyll000hyde@gmail.com', 'mironcostin'),
(270, 'gettingtoknow78@gmail.com', '12345@adgj'),
(271, 'i13004302@student.newinti.edu.my', 'enter1234'),
(272, 'arbazqureshii786@gmail.com', '17111998'),
(273, 'afaquemanzoor@gmail.com', 'engineer'),
(274, 'rmilstead@gmail.com', 'hike4fun'),
(275, 'thatonetime420@hotmail.com', 'C0cac0la'),
(276, 'mbooher844@aol.com', 'algeslover'),
(277, 'anindya3296@gmail.com', 'nil123'),
(278, 'vikastewari25@gmail.com', 'v_code'),
(279, 'cornieazih54@gmail.com', 'az@1047Cop'),
(280, 'censonrandy@gmail.com', 'Randycenson06'),
(281, 'ramant773.rs@gmail.com', 'ramansharma'),
(282, 'houssem.b.ahmed@gmail.com', 'java4ever'),
(283, 'smsnpaily@gmail.com', 'nosmassmsn'),
(284, 'txavieralmeida@gmail.com', 'txra2000'),
(285, 'ajaykmahore12@gmail.com', 'ranvirsingh'),
(286, 'astraiafrizal0@gmail.com', '16794321'),
(287, 'rizqiafrizal0@gmail.com', 'Afrizal_99'),
(288, 'robert@kent-engineers.com', 'mog99lie'),
(289, 'dhlakum@gmail.com', '5317Jaypal'),
(290, 'outohstyle@gmail.com', 'skank9999'),
(291, 'shoaib.shaikh31@gmail.com', 'Sealteam6'),
(292, 'afiripi@yahoo.gr', 'af12345'),
(293, 's.kellett@icloud.com', 'Chinook90'),
(294, 'my90622@gmail.com', 'pass123456789'),
(295, 'vlacama90@gmail.com', 'Elektronika90'),
(296, 'naloudin@gmail.com', 'gracie..'),
(297, 'jwalley@hotmail.co.uk', 'Ftuesday1'),
(298, 'stevelupo15@gmail.com', 'Plato101@'),
(299, 'pieterlagrange128@gmail.com', 'pieter1974'),
(300, 'account@yahoo.de', 'ThePasswordIsHere'),
(301, 'agborojongetekj@yahoo.com', '78543036'),
(302, 'phemwaresolutions@gmail.com', 'Folukemi79@'),
(303, 'm.randallcombs@gmail.com', 'combs12345'),
(304, 'dark2189@hotmail.com', '664422@H'),
(305, 'awarraich@hotmail.com', 'shahroze'),
(306, 'tarek.eldallal@gmail.com', 'tarek2012'),
(307, 'yahankc473@gmail.com', '89239258'),
(308, 'garv.nee20@gmail.com', 'kumar9089'),
(309, 'strikercool7@gmail.com', 'qwerty12345'),
(310, 'jaisshweta2596@gmail.com', 'Shwet@25'),
(311, 'matusenko@atlas.sk', 'doroty11'),
(312, 'gouravkumarparmar@gmail.com', '9437255860'),
(313, 'eh070088772my@gmail.com', '51101215033'),
(314, 'ab@cd.com', 'abcd'),
(315, 'ozrobotix@gmail.com', '111'),
(316, 'yousefmomo2@gmail.com', 'DerElende1'),
(317, 'pribytkovsky@yahoo.com', '19411945'),
(318, 'shshawon100@gmail.com', 'qazwsxedc1234'),
(319, 'akilaawantha@gmail.com', 'sarasavi'),
(320, 'anisathirrah@yahoo.com', 'Anis2508'),
(321, 'laroycomunicaciones@hotmail.com', '11011101'),
(322, 'tomas2144@gmail.com', 'emsael'),
(323, 'cin.agustina@yahoo.com', 'Leviacker7'),
(324, 'ragibahsan33@gmail.com', 'multiseas'),
(325, 'janaruz@seznam.cz', 'ahojky123'),
(326, 'kcsheraj@gmail.com', '1464235sk'),
(327, 'adityaparab.551996@gmail.com', 'parab05'),
(328, 'breno.dias25@gmail.com', 'Demolay.25'),
(329, 'joseluis.moreno532@gmail.com', 'jgpbx4na'),
(330, 'gabriel.aragorn.titze231023@gmail.com', 'gabriel'),
(331, 'gepshtei@gmail.com', 'choiman'),
(332, 'puilai1711@gmail.com', 'Roger038'),
(333, 'steve1996@hotmail.gr', '63524178'),
(334, 'jakub1a@email.cz', '2003JAKUB'),
(335, 'roylui2013@gmail.com', '17149321'),
(336, 'gie.gama90@gmail.com', 'qwerty123ui'),
(337, 'mosesnkenzi@gmail.com', 'JULITHA1973'),
(338, 'juanmanuelsoria0@gmail.com', 'jms013ana'),
(339, 'dipika.badri@gmail.com', 'chichi'),
(340, 'otherotter22@gmail.com', 'nomorepeculiar'),
(341, 'kaviarasan_periasamy@yahoo.com.sg', 'sparta2423kavi'),
(342, 'schmandel@freenet.de', '88486eA3'),
(343, 'btarek9616@gmail.com', 'QAZwsx123@'),
(344, 'nurhaziqahesa@gmail.com', 'sederhana'),
(345, 'flexjam_001@yahoo.com', 'yococ001'),
(346, 'muhammadjunaid3632@gmail.com', '@yahyaa'),
(347, 'saanvisshanu@gmail.com', '123456789'),
(348, 'tamas.szekedi@yahoo.com', 'Majom4'),
(349, 'gilvertx09@gmail.com', 'gilbert1234'),
(350, 'tltown2004@yahoo.co.uk', 'lottieregan'),
(351, 'eden99@hotmail.fr', '272709'),
(352, 'gilberttirelo@yahoo.com', 'gilbertirelo12554'),
(353, 'rostamimojtaba15@gmail.com', '19731215'),
(354, 'prgbruce@gmail.com', 'dodocat'),
(355, 'ferrarilamborghini98@gmail.com', 'scossaelettrica1'),
(356, 'mbgranadeiro@gmail.com', 'Set2010'),
(357, 'manishtaram86@gmail.com', '9993914858'),
(358, 'karim.hof@gmail.com', '123654789'),
(359, 'alshatr54@gmail.com', '123456789@'),
(360, 'manu.fg@gmail.com', 'UV3kzh@mpG%pb'),
(361, 'leadca99@gmail.com', 'lcampbell99'),
(362, 'david.rent@gmail.com', 'oksil1208'),
(363, 'harry_holman@hotmail.com', 'tAahejoDYvRn3ZGlOQC6'),
(364, 'kareem.sedky@gmail.com', 'asdkareem'),
(365, 'ela@wp.pl', 'werty'),
(366, 'furas@tlen.pl', 'Bo.12TiX'),
(367, 'sadegh7477@yahoo.com', '9379391882'),
(368, 'jim_halbach@yahoo.com', 'RF4METOO'),
(369, 'emergencyvhf@gmail.com', 'puppydog'),
(370, 'ozrobot@gmail.com', 'abc123'),
(371, 'afnanassaf95@gmail.com', 'a562936398970952'),
(372, 'netteyeb@ymail.com', 'yaw5ayeni'),
(373, 'kdss2011@gmail.com', 'kosenrufu'),
(374, 'kingroshan24@gmail.com', 'roshan@jan1998'),
(375, 'jw@plews.org.uk', '9bdiV2tMN0'),
(376, 'vpchar@gmail.com', 'listel1'),
(377, 'diana99av@hotmail.com', 'MandySS3770'),
(378, 'lolol@hotmail.com', '1234567'),
(379, 'kent.ahlberg@comhem.se', 'Maj544maj'),
(380, 'mohamed.algebaly7@gmail.com', 'moh207'),
(381, '04jahnavi@gmail.com', '123456qwerty'),
(382, 'peter.truberg@btinternet.com', 'Trainsarefun'),
(383, 'benny@ogum.ca', '%robotix%'),
(384, 'yadavamit23797@gmail.com', 'amit@23797'),
(385, 'glendellz888@gmail.com', 'poweruser'),
(386, 'morgan@greenhill.org', 'gsm0625'),
(387, 'poornasri143@gmail.com', 'facebookpraneeth'),
(388, 'pdkhs3@free.fr', 'pdkhs3'),
(389, 'sylasylejmani@gmail.com', 'syla1234'),
(390, 'akshat.dwivedi2301@gmail.com', 'akshat2301'),
(391, 'dsklajflkdsja@gmail.com', 'qwertzuiop'),
(392, 'bjorn.dahl@trollfjord.no', 'bgd'),
(393, 'indumathi1201@gmail.com', 'poongothai1201'),
(394, 'okrim090498@gmail.com', 'okrim9498'),
(395, 'funapp.android@gmail.com', 'majd12056'),
(396, 'zidanecairo2010@yahoo.com', '01001183286'),
(397, 'moizsidd70@gmail.com', 'rajput1230'),
(398, 'matrix_kpo21@hotmail.com', 'Dani326435'),
(399, 'yahyahaque133@gmail.com', '60404040'),
(400, 'sohamagrawal45@gmail.com', '9111476005sa'),
(401, 'eneko166@hotmail.com', 'pepekillo'),
(402, 'pcvargas@gmail.com', 'pvc20097q.'),
(403, 'portfolio@hotmail.com', 'paki1947'),
(404, 'oomousa@effat.edu.sa', 'mousa123'),
(405, 'alyabalqisss@gmail.com', 'aqish9394'),
(406, 'bandu2356@yahoo.co.uk', 'bandu2356'),
(407, 'saumya3094@gmail.com', 'chintu24'),
(408, 'diegobincoletto@libero.it', 'zarin600'),
(409, 'syedahmadali81@gmail.com', 'celsiusfahrenheit81'),
(410, 'garon3@yahoo.com', 'nello'),
(411, 'marilynabrego754@gmail.com', '15251525M'),
(412, 'monsieurgrill@gmail.com', 'tap0ch'),
(413, 'justinmespel@gmail.com', 'j13ustin'),
(414, 'okermania7@yahoo.com', 'momdad777'),
(415, 'thevissenadeline@gmail.com', 'ikkerobot'),
(416, 'filip.tratnjek@gmail.com', '922b4'),
(417, 'vishaalravikumar@gmail.com', 'Vishaal@123'),
(418, 'tom1510@web.de', 'Manuela70'),
(419, 'jsuchanecki@wp.pl', 'suchykiller1'),
(420, 'gianky.allegretti@gmail.com', 'K1lopk1lop'),
(421, 'msaibhavani99@gmail.com', 'Bhavani@9'),
(422, 'man.b463@yahoo.com', 'mankashgwapop'),
(423, 'manojayo@yahoo.co.in', 'mkh12345'),
(424, 'adnan.rauf@gmail.com', 'm00nm0ta'),
(425, 'walidirfan0@gmail.com', 'roboticsclub'),
(426, 'muhamadnurfadila625@gmail.com', 'fadilbk625'),
(427, 'hamilton07@hotmail.com', 'coler1231'),
(428, 'duncangkcl@gmail.com', 'brevator2'),
(429, 'skxicorh@hotmail.com', 'skate010299'),
(430, 'alf@ilynch.com', 'ldsa324372'),
(431, 'syahmie.anuar@gmail.com', '23291031'),
(432, 'manishshettigar540@gmail.com', 'm@nish540'),
(433, 'andresfernandez103@hotmail.com', 'gladiador'),
(434, 'andihartanto.a6@gmail.com', '030895ah'),
(435, 'arnoud.vdm@icloud.com', 'arnoud210802'),
(436, 'abadaitis@yahoo.ie', 'arta99dl1241'),
(437, 'nishitrdesai@gmail.com', 'roswell14'),
(438, 'a@b.c', 'abc'),
(439, 'kevinsaosao@gmail.com', 'forEVER11'),
(440, 'dnnayak@gmail.com', 'robotics'),
(441, 'fbmduarte@gmail.com', 'fbMD2810'),
(442, 'andreas.norland@ispas.no', 'lindbach1'),
(443, 'patrickgraver94@gmail.com', 'patrick94'),
(444, 'nadovieira77@gmail.com', 'arduino'),
(445, 'jun003122@gmail.com', 'fff123456'),
(446, 'suhaila.ahalin@gmail.com', 'vixen2049'),
(447, 'chimney007@hotmail.co.uk', 'jackdaniels67'),
(448, 'a@a.a', 'asdf'),
(449, 'lks1958@gmail.com', 'lizardx1@'),
(450, 'aashutoshgandhi13@gmail.com', 'aasshhuuttoosshh'),
(451, 'sanjin@techxellent.com.au', 'abc123'),
(452, 'uorkansk@yandex.ru', 'ZXC123'),
(453, 'rudrapriyanrudrapriyan60814@gmail.com', 'navychildrenschool'),
(454, 'anuraag.sharma.1994@gmail.com', '8233770328'),
(455, 'x-messi-14@hotmail.com', 'jtmmamababakhotii'),
(456, 'gep.chen@foxmail.com', '123456'),
(457, 'sylvain.marcoux@cegeptr.qc.ca', 'frankzappa1'),
(458, 'raczmate161@gmai.com', 'fulesbagu'),
(459, 'roskaa@proscene.org', 'Sala5ana2015'),
(460, 'cshamblin1@cox.net', 'cs141590'),
(461, 'tunak2011@hotmail.com', '99tunak99'),
(462, 'allenmisc60@gmail.com', 'nomorepeculiar'),
(463, 'webdizajn4@gmail.com', '098123'),
(464, 'naon0331@naver.com', '17fhqhxlrtm'),
(465, 'ekuama@gmail.com', 'marnet48'),
(466, 'su133966@gmail.com', '1234567890'),
(467, 'dannyhhhuynh@gmail.com', '050698dh'),
(468, 'termixman@gmail.com', 'majstern357'),
(469, 'felipe.claudino@gmail.com', '123456123'),
(470, 'omarqasim84@gmail.com', 'cruiser'),
(471, 'zefreshss@gmail.com', 'hatchoum'),
(472, 'faust7605@naver.com', 'sandring3326'),
(473, 'bkmwangi17@gmail.com', 'brian0716'),
(474, 'cesaecka@yahoo.com', 'cesaecka'),
(475, 'pnagels2004@gmail.com', '9685412'),
(476, 'hajer.segni@gmail.com', 'besmilleh'),
(477, '610.hani@gmail.com', 'helloworld'),
(478, 'mechzombie@gmail.com', 'indian'),
(479, 'sumanashreeys@gmail.com', 'summi1974'),
(480, 'fotobyte@gmail.com', 'tooki45'),
(481, 'cdray95@tpg.com.au', '8571ray'),
(482, 'aniko.82@mail.ru', 'sanahinb'),
(483, 'garbyg@yahoo.fr', 'Geniusg'),
(484, 'dgdg@fbibi.com', '123456'),
(485, 'peder.jacobsen@aarhusteater.dk', '54Samson'),
(486, 'rameshwarwalkikar123@gmail.com', 'TAI09876'),
(487, 'aronegal@gmail.com', 'lilili6'),
(488, 'yau_9418@yahoo.com', 's0061333'),
(489, 'tezoomer@gmail.com', 'jesuslovesmeoh'),
(490, 'saleemjamali600@gmail.com', 'pakistan33'),
(491, 'bart_318@hotmail.com', 'MATdep318'),
(492, 'filip.ronduda@gmail.com', 'wimbledon1'),
(493, 'adindadomili1@yahoo.com', 'ikhadomili1234567890'),
(494, 'monitores@redcomchile.com', 'redcom123'),
(495, 'jimenezaj987@gmail.com', '123456789'),
(496, 'tulushidayatulh@gmail.com', 'jakarta16'),
(497, 'alleningress60@gmail.com', 'nomorepeculiar'),
(498, 'justaquib@gmail.com', 'shadow007'),
(499, 'milannath091@gmail.com', 'milannath091'),
(500, 'sujitc43@gmail.com', '15061991'),
(501, 'a@b.b', 'abc'),
(502, 'a@e.c', 'abc'),
(503, 'forhad_rahman@hotmail.com', 'Eshaal1911'),
(504, 'adi.jnvbfdkl@gmail.com', 'ag030896'),
(505, 'billwyatt51@gmail.com', 'kenton51'),
(506, 'sancs001@gmail.com', 'Robluecs001'),
(507, 'r.luckhun@yahoo.com', 'Ritesh2308'),
(508, 'chauhanparitosh82@gmail.com', 'Coolparitosh1202'),
(509, 'sina_sa2012@yahoo.com', '12345678'),
(510, 'yairrc@hotmail.com', 'computacion'),
(511, 'pancomix@yahoo.com', '1305988730083'),
(512, 'william.anganangan@gmail.com', 'yammanben2318'),
(513, 'mattpillay@gmail.com', 'matt'),
(514, 'bastianignacionsotopainemal@gmail.com', 'gegeduardo'),
(515, 'ricardo.abarca@cetys.edu.mx', 'kennedy1004'),
(516, 'ali@xplus.ca', 'Walkman1'),
(517, 'ma7moudeyada77@gmail.com', '01119275065'),
(518, 'utkarsh1998kumar@gmail.com', '11343709025'),
(519, 'j.mendozao@hotmail.com', '4021976494'),
(520, 'pointatstudio22965@gmail.com', 'maung19371'),
(521, 'wakhid2012@gmail.com', 'robotix5811'),
(522, 'buzzgriff@gmail.com', 'QazWsx12'),
(523, 'ardoakraborty7117@yahoo.com', 'IchwerdegelingeN'),
(524, 'matthews@electrocompkzn.co.za', 'mattpriya'),
(525, 'jamalpurrtnyc@gmail.com', 'milannath09'),
(526, 'madhuri.797@gmail.com', 'devimatha'),
(527, 'miika.maenpaa1997@hotmail.com', 'salainen123'),
(528, 'michaelclery@hotmail.comx', 'xitobor2017'),
(529, 'muhamadnurfadila625@yahoo.com', 'fadilbk625'),
(530, 'santoshrobot7@gmail.com', 'santoshrobot7'),
(531, 'moznumini12@gmail.com', 'moznumini12@'),
(532, 'vhdfiuvh@gmail.com', '12345'),
(533, 'vidar.svarttjernet@gmail.com', '1151Oslo'),
(534, 'donmilton245@gmail.com', '1234567'),
(535, 'weg@dreck.at', 'wyf-EDn-q58-ap9'),
(536, 'shannondalewagner@gmail.com', 'Jigglypuff76'),
(537, 'stark.robert.r@edumail.vic.gov.au', 'W3rmW00d99'),
(538, '1997myatnoe@gmail.com', 'myanmar969'),
(539, 'rautak73@gmail.com', 'rautak73'),
(540, 'bise.penelope@gmail.com', 'vector111'),
(541, 'jrowe3@outlook.com', 'boeing737'),
(542, 'architect@idev.bz', '331826'),
(543, 'amilp93@yahoo.ca', 'sm1l1ng75'),
(544, 'rebornarcobalen024@gmail.com', 'MikuIzayoi024'),
(545, 'baumgeko@gmail.com', '77220011'),
(546, 'patricky8480@gmail.com', 'Kim8124834'),
(547, 'bimalkhadka120@gmail.com', 'angry1bird'),
(548, 'islamshawon1993@gmail.com', 'shawon@1213'),
(549, 'ezmacthomas@gmail.com', 'plmmickey729'),
(550, 'harith.shirzad@gmail.com', 'jena123'),
(551, 'kaifabek@gmail.com', '666_999'),
(552, 'tonygould28@gmail.com', 'km240123'),
(553, 'sandeeppajibk09@gmail.com', 'sandeepsandy'),
(554, '2015.tpg@gmail.com', 'Tpg@gma1'),
(555, 'asdrhmn_786@yahoo.com', '786yasdhrhmno'),
(556, 'kowens@unt.edu', 'plato66@'),
(557, 'john_almeida181@hotmail.com', 'bazaruto'),
(558, 'm8r-gj8wq@mailinator.com', 'fuckubitch'),
(559, 'hugocosta77@gmail.com', 'zeca1200'),
(560, 'bpshah79@yahoo.co.in', 'Yashesh85'),
(561, 'govjobweb@gmail.com', '8945840289'),
(562, 'joannawiecek@gmail.com', 'Krakow2015'),
(563, 'gowtham54321@yahoo.com', 'robotix170'),
(564, 'ridhunkeltron@gmail.com', '8089552581'),
(565, 'bo.g.jakobsen@telia.com', 'sm0emq'),
(566, 'charles_hamel@hotmail.com', 'babychix'),
(567, 'victorngure@gmail.com', 'kiamumbi'),
(568, 'jonathan_95ca@hotmail.com', '092829989'),
(569, 'aqzsx@yopmail.com', 'azerty123'),
(570, 'luis.angel.lucas1@gmail.com', 'diaz27'),
(571, 'yuefei9943@gmail.com', 'LtR-3Z3-kCh-z5u'),
(572, 'eman.ashraf@yahoo.com', 'controlproject'),
(573, 'praeensmdece@gmail.com', '787899tamil'),
(574, 'plcprogrammer577@gmail.com', 'alihearquran96'),
(575, 'abhiking480@gmai.com', 'abcd'),
(576, 'chaima.bejaoui27@gmail.com', 'chaimabejaoui'),
(577, 'ttmoa01@gmail.com', 'ttmoa011'),
(578, 'atom.sphera@yahoo.com', 'pentium123'),
(579, 'claud5208@naver.com', '0627'),
(580, 'avlon.dias@gmail.com', 'romangreenberry'),
(581, 'mileyroro97@yahoo.com', 'girls4ever'),
(582, 'hcarlos253@gmail.com', 'hcarlos253'),
(583, 'karthickthevar6@gmail.com', 'KarthickBaranipriya'),
(584, 'wandelmiro@gmail.com', '241214'),
(585, 'tim.aussie@gmail.com', 'Passcode'),
(586, 'nikhil32r@rediff.com', '02876263846'),
(587, 'dbansal74@gmail.com', 'deepakbansal'),
(588, 'jill.parsons@k12.sd.us', 'wDT98tR5'),
(589, 'harryburn2778@gmail.com', 'harry@london'),
(590, 'martinwinds@yahoo.com', 'qqq11111'),
(591, 'aryanshh08sri@gmail.com', 'anitaanoop'),
(592, 'lily222522@gmail.com', 'bahubali2017'),
(593, 'cauchi419@gmail.com', 'ariva333'),
(594, 'aryanshhsri08@gmail.com', 'harshita'),
(595, 'pausma@gmail.com', 'mispix'),
(596, 'jd81986@gmail.com', 'qwertyuiop81986'),
(597, 'yitao.lyu@outlook.com', 'antony17'),
(598, 'mymail.789@gmail.com', 'sprite@1986'),
(599, 'djatmox2@googlemail.com', 'philli33'),
(600, 'charliefhg55@gmail.com', 'hdc-uJM-uDN-6oK'),
(601, 'tariq.malik@uwl.ac.uk', 'newsketc4'),
(602, 'noutche2008@hotmail.fr', 'moufad'),
(603, 'jepiiv@gmail.com', 'dgk809'),
(604, 'thunderbolt.007@live.com', 'thunder007'),
(605, 'green_eyes536@hotmail.com', '26041986'),
(606, 'sajad321@yahoo.com', 'zxcvbnhgfdsa'),
(607, 'g3kumarprasad@gmail.com', '@1bankofapple'),
(608, 'karchung@jnec.edu.bt', 'Karchung@1234'),
(609, 'henpett@gmail.com', 'henrikp123'),
(610, 'ismailt42@gmail.com', '12931293'),
(611, 'simsonpeter@gmail.com', 'jayatha1010'),
(612, 'jimbeasley@beasleyart.com', 'Robots'),
(613, 'actzlool@gmail.com', 'Lambo0207'),
(614, 'linuswows@gmail.com', 'auto-muffi'),
(615, 'superpelut2000@yahoo.es', '6345789Ro'),
(616, 'thakurj647@gmail.com', '03031987'),
(617, 'spamdeclan@gmail.com', 'Shelldec1'),
(618, 'caciuloiualexandru94@gmail.com', '194102403Ca'),
(619, 'fred@dead.com', 'freddie'),
(620, 'chamathkadulshan730@gmail.com', 'voltage@1'),
(621, 'giovanealbert@hotmail.it', '88cetrioli88'),
(622, 'arishy@gmail.com', 'samir333'),
(623, 'nicoletran76@gmail.com', 'p4W-5Ee-KJy-H5E'),
(624, 'annamashlare4@gmail.com', '123anna4'),
(625, 'isabelasoouto@yahoo.com.br', 'jonasteamo'),
(626, 'isabela_hellokitty_rbd@hotmail.com', 'jonasteamo'),
(627, 'ziegler.ps@gmail.com', 'engelbert1979'),
(628, 'andress73974@gmail.com', 'barbados73'),
(629, '2003vjeko@gmail.com', 'vjekoslav2003'),
(630, 'nabbafhdafol@gmail.com', '15545145'),
(631, 'helloasshole@gmail.com', '15545145'),
(632, 'hellomyass@gmail.com', '15545145'),
(633, 'deadzwaza@gmail.com', 'merda123'),
(634, 'hskduf@gmail.com', '15545145'),
(635, 'muha94shames@gmail.com', 'muha94'),
(636, 'stutting.josh@gmail.com', 'fastcarsgozoom'),
(637, 'triperm4di@yahoo.com', 'Kaisahcantika'),
(638, 'nanditha_kh@hotmail.com', 'abhaya'),
(639, 'vipertyson61@gmail.com', 'banned4ever'),
(640, 'esaithamizh@gmail.com', 'Chithambaram@2011'),
(641, 'prasanthmychel@gmail.com', 'Baggiyavathi@123'),
(642, 'freelance0871@gmail.com', 'eureeka'),
(643, 'meirerelucio@bol.com.br', 'meirereepriscyla'),
(644, 'raj19june2001@gmail.com', '19june2001'),
(645, 'lh13241@hotmail.com', '13241aragon'),
(646, 'alex.akhil.aa@gmail.com', 'alexakhil123'),
(647, '27539@student.mcc.act.edu.au', 'BRothenfluh'),
(648, 'sunilw54@gmail.com', 'nadeesha@36'),
(649, 'rossano.lang@gmail.com', 'rlc539651'),
(650, 'gustav007_bon@hotmail.com', 'solopostre'),
(651, 'itejpandey@gmail.com', '@n02Ym07'),
(652, 'vishaltiwari2k15@gmail.com', 'sriradhe'),
(653, 'plukus@ppg.com', 'speaker7'),
(654, 'seitzv22@gmail.com', 'Noodz1123'),
(655, 'thatsme1155667788@gmail.com', 'ilovedad2'),
(656, 'soul_zwire@hotmail.com', '123456789'),
(657, 'casakevf@yahoo.co.uk', 'jeeves3110'),
(658, 'axisonliner@ukr.net', 'axis106'),
(659, 'fazilahamed@gmail.com', 'password150697'),
(660, 'i2089598@mvrht.net', 'asdfghjkl'),
(661, 's_nupetch@hotmail.com', '0883181966'),
(662, 'bnbland@yahoo.com', 'egmont'),
(663, 'andrew-ashraf7@hotmail.com', 'mYHATISACAT97'),
(664, 'rsami3638@gmail.com', 'samisamisami'),
(665, 'globalservices@gmail.com', 'kkuunnaall'),
(666, 'qwerty@mailgov.info', 'akilram123'),
(667, 'zorrito5@bigpond.com', 'nojustno'),
(668, '983024svs@gmail.com', 'svssvssvs'),
(669, 'ganapalikhit1234@gmail.com', 'liksnadi'),
(670, 'desilva.alfred360@gmail.com', 'bluejeans36'),
(671, 'pauloaraxa@gmail.com', 'Matheus2608'),
(672, 'kahinducindy@gmail.com', '19974427'),
(673, 'azeem.liaqat56@gmail.com', 'simi'),
(674, 'enlkel@cross-law.ga', 'kuri_1234'),
(675, 'yeyeyeyeeeey@yahoo.com', 'myenemy1'),
(676, 'ardwenocc@gmail.com', 'M98etl15041982'),
(677, 'fatimahfaisalbaskaran@gmail.com', '950315'),
(678, 'kkakkar@sfu.ca', 'abc123'),
(679, 'nhildebrand@outlook.de', '5478Nico5478'),
(680, 'dhiasf@yahoo.com', 'myenemy1'),
(681, 'oxfordmathan@gmail.cm', 'ru14ec032'),
(682, 'rayhansariman@gmail.com', '0198967732'),
(683, 'farnworth.paul@gmail.com', 'h93JS8XjFAWN'),
(684, 'rahulrajshah42@gmail.com', 'equation123'),
(685, '12.bscs.79@gmail.com', '0107zee1993'),
(686, 'yash8hajare@gmail.com', '2631999yash'),
(687, 'jose.desousa@outlook.fr', 'Corinne-67'),
(688, 'yashguptayg15557@gmail.com', 'qwertyme'),
(689, 'veerendhar@gmail.com', 'robo12'),
(690, 'ysurkau@web.de', 'ysurkau'),
(691, 'musarabie@gmail.com', 'kosova.12'),
(692, 'masteribuki2013@gmail.com', 'trams123'),
(693, 'ramabrahmambotla@gmail.com', '9951924488p'),
(694, 'j0829009000@gmail.com', '12345JacoSmith'),
(695, 'sergioadrimil@gmail.com', 'dianarojas'),
(696, 'sergioadrimil@gamil.com', 'dianarojas'),
(697, 'khoshev@rambler.ru', '481226'),
(698, 'r5059112@hotmail.com', 'vm3tlb06'),
(699, 'ramadhanurie@gmail.com', 'robotix11'),
(700, 'rdremza1@gmail.com', 'iPooBlood1'),
(701, 'ivalice100@gmail.com', 'azerty123+4'),
(702, 'shibuchote05@gmail.com', 'qwerty05'),
(703, 'fordownloadxxx@gmail.com', 'tioriyanto334'),
(704, 'lolonceagain@gmail.com', 'optical'),
(705, 'norbertszalmasi@t-email.hu', '1234'),
(706, 'heroeschargevico@gmail.com', 'momo77'),
(707, 'bryan.veenhof.ab@gmail.com', 'Amivedi1'),
(708, 'hellooo@ydag.com', 'myenemy1'),
(709, 'nadeem.kabha@gmail.com', 'na0211448162'),
(710, 'sdad@yahoo.com', 'mmm'),
(711, 'vinz_chael@yahoo.co.id', 'libras'),
(712, 'rafaelluizleitedesal@gmail.com', '14091996'),
(713, 'anita0safari@gmail.com', 'anita117111'),
(714, 'ytayagds@yahoo.com', 'ssss'),
(715, 'reikonatsume17@gmail.com', 'wingsoffreedom'),
(716, '123123@yahoo.com', '1234'),
(717, 'dude@yahoo.com', 'no'),
(718, 'engin@istanbulvize.com.tr', 'baris161'),
(719, 'fafdah@yahoo.com', '1234'),
(720, 'jasperwhite12345@gmail.com', '@Rraattcchheett1123'),
(721, 'radoan4160@gmail.com', '01688164160'),
(722, 'm_kordi@yahoo.com', '1349528'),
(723, 'branko@pecar-uk.com', 'Ginagina1'),
(724, 'sourov1000@aol.com', 'PROPONJAL'),
(725, 'cristianalxsgar@gmail.com', 'GFORCE1794'),
(726, 'turner.hawkins@gmail.com', 'Trekkie.83'),
(727, 'srodri.srodri@gmail.com', 'ug2-Rpk-QZy-t7V'),
(728, 'hernanja@gmail.com', 'Jeronimo2008'),
(729, 'acid_de0@hotmail.com', '001030'),
(730, 'magasivamcvr@gmail.com', '9944251625'),
(731, 'dhrvalpanchal@gmail.com', 'happybirthday21'),
(732, 'sagarsaha455@gmail.com', 'deathsqatter'),
(733, 'ruilinyang@foxmail.com', 'Latte138'),
(734, 'harikalyan2012@gmail.com', 'hadya1104rocks'),
(735, 'r@r.r', 'stupid'),
(736, 'lego-wilson@hotmail.com', 'Pokemonisba3'),
(737, 'amanmasoun02@yahoo.com', 'robotix123'),
(738, 'mugi8202@gmail.com', 'mugi5735'),
(739, '1212@yahoo.com', '1212'),
(740, 'akifoktar@gmail.com', '78567856'),
(741, 'rishiswasthik@gmail.com', '123456789'),
(742, 'edwin01108@gmail.com', '04121997'),
(743, 'traffic21@ymail.com', 'ppp666'),
(744, 'ammarfaiz1010@gmail.com', 'ammarfaiz'),
(745, 'csibon1@gmail.com', 'xBn-hNk-e8V-Ts3'),
(746, 'qwewqewqe@gmail.com', 'sssss'),
(747, 'jswtlw@hotmail.co.uk', 'hrBLOWERS'),
(748, 'gntqing@gmail.com', '970821lim'),
(749, 'samtoppa@gmail.com', 'Gateway2000'),
(750, 'tanadol70@gmail.com', '98951asd'),
(751, 'sudhiranandraoshahare@gmail.com', '7768853796'),
(752, 'onkay.0111@gmail.com', 'stella.angie5721'),
(753, 'jcwstudio3024@gmail.com', 'Margaret12'),
(754, 'dsbenny@gmail.com', 'benjamin1999'),
(755, 'c3llik23@gmail.com', 'ademesra23'),
(756, 'test@test.com', 'test'),
(757, 'mg@mygrille.de', '@niklas14'),
(758, 'tamilfreakz001@gmail.com', 'tamilnivetha'),
(759, 'khai_239@live.com', '58122970239'),
(760, 'imharshtanwar@gmial.com', 'chess8587'),
(761, 'imharshtanwar@gmail.com', 'chess8587'),
(762, 'sujithwaruna2003@gmail.com', '0779407127ppdd'),
(763, 'tamilfreak001@gmail.com', 'tamilnivetha'),
(764, 'johan.rautio@gmail.com', 'newmed1a'),
(765, 'gpgicvhe@emlhub.com', 'ami1500'),
(766, 'joao_quiletti@hotmail.com', 'Jquilettinazare1'),
(767, 'rkim3993@gmail.com', 'rkim@samsung'),
(768, 'tigger007.tos@gmail.com', 'tadhgosull46'),
(769, 'jeremyp2122@yahoo.com', 'J@kor1way2'),
(770, 'beautifullyrestoreduk@gmail.com', 'magaz1nerack'),
(771, 'jackrwilkinson@aol.com', 'robot'),
(772, 'zacarias.zabadeu@gmail.com', 'fifafifafifa2'),
(773, 'techybanky@gmail.com', 'Bankole1.'),
(774, 'warrengo@westnet.com.au', 'Wingan01'),
(775, 'nguyenthanhhcm545@gmail.com', '21102003'),
(776, 'karogamer25@gmail.com', 'Hahaha01'),
(777, 'hargobind@rocketmail.com', 'robbie'),
(778, 'abrar0181@gmail.com', 'ab9797'),
(779, 'pratik.andhale9@gmail.com', 'pratik321'),
(780, 'catbillimeow@gmail.com', '12345678'),
(781, 'natthayamol.c@ku.th', 'Cream@03'),
(782, 'bjorn.hoines@lyse.net', 'Kasper'),
(783, 'subosh1998@gmail.com', 'jesusboss'),
(784, 'edriannejose@gmail.com', 'cainemvhzc'),
(785, 'klikko@zeelandnet.nl', 'mvdw0866'),
(786, 'diggio3000@vodafone.it', 'diggio3000'),
(787, 'furqandosani21@gmail.com', 'candy14cs24'),
(788, 'drguss1@gmail.com', 'colorado'),
(789, 'yee@gmail.com', 'tee'),
(790, 'yeem@gmail.com', 'qaz12'),
(791, 'davidxicay25@gmail.com', 'iapnktacroslink'),
(792, 'aydenroos.oz@gmail.com', 'Choquette4'),
(793, 'kyle.r.roos@gmail.com', 'Choquette3'),
(794, 'joelyboy1904@gmail.com', 'Whizzkid1'),
(795, 'e.naa97@gmail.com', 'irdina123'),
(796, 'irdina@gmail.com', '123456789abc'),
(797, 'j.mcintosh@xtra.co.nz', 'Camera23'),
(798, 'balshoy.boy@gmail.com', 'draco1993'),
(799, 'hermesrojas40@gmail.com', 'gu529529'),
(800, 'xiausan@gmail.com', 'apple81'),
(801, 'lassegieskes@gmail.com', 'La2se1964'),
(802, 'bassie_boy1992@hotmail.com', 'WACHT199@'),
(803, 'otoenne@t-online.de', 'headcrash'),
(804, 'steve.randel@gmail.com', 'coolkits'),
(805, 'pisitgml@gmail.com', '90774675'),
(806, 'shuvo.itsme@gmail.com', '1121145'),
(807, 'riyan.roy02@gmail.com', 'royriyan'),
(808, '1104016235@qq.com', 'wangbo12.'),
(809, 'yannick87@gmail.com', '31051987Yz'),
(810, 'nikhilkumarbalijepalli@gmail.com', 'KUMARHIL8106'),
(811, 'jayben.hamid@gmail.com', 'zero1438'),
(812, 'driftci_yavuz@hotmail.com', 'babam_ben123'),
(813, 'rajatsharma3200@gmail.com', 'ludhiana91'),
(814, 'uttam.1996@gmail.com', 'parimala'),
(815, 'mohamednm112013@gmail.com', 'sfphkhggi'),
(816, 'achoudhory@gmail.com', 'myclass17'),
(817, 'aslam_agv@robotics.com', 'Muhammad_1993'),
(818, 'srijansumant@gmail.com', 'iota1234'),
(819, 'jlzolder@skynet.be', 'YwtzUgK2'),
(820, 'johnkg81@gmail.com', 'mp3vcd'),
(821, 'vec44@sfr.fr', '44GriGri'),
(822, 'satyam.kr662@gmail.com', 'satyam.singh'),
(823, 'rupamhot1997@gmail.com', '9832350160'),
(824, 'batuhantoker@outlook.com', '123456'),
(825, 'alixho8335@gmail.com', 'a1234567890'),
(826, 'ilayassheiktntj@gmail.com', 'iliyassano'),
(827, 'mazzetta.1476660@studenti.uniroma1.it', 'ivan1992'),
(828, 'prashantb949@gmail.com', '9013664292'),
(829, 'danny148@ziggo.nl', 'Geforce6543'),
(830, 'grumpame@gmail.com', 'Poppupmark1'),
(831, 'jabunanjap@gmail.com', 'allsicksouls'),
(832, 'tharinda071@gmail.com', 'irsensor'),
(833, 'subhojitdutta46@gmail.com', '9748456101'),
(834, 'vishalasutar@gmail.com', 'Vishal@123'),
(835, 'dokeb@golemico.com', 'qwertyuiop'),
(836, 'asdsadsd@hotmail.com', 'vini2411'),
(837, 'alokahelanuwan@gmail.com', 'aloka'),
(838, 'wilzenwil@gmail.com', 'stormlol'),
(839, 'artaquino@yahoo.com', 'rockh3art'),
(840, 'sanjaykenn9@gmail.com', 'ihkp99'),
(841, 'abhi.ad.dhiman.135@gmail.com', 'sunderdeep'),
(842, 'muhammadhazfirul@gmail.com', 'everlast98'),
(843, 'sasuraj485@gmail.com', 'robotixsuraj'),
(844, '7neelaydoshi@gmail.com', '7Blackholes'),
(845, 'mraytuglu@gmail.com', 'meay3005'),
(846, 'diver@pobox.co.uk', 'Barrys69'),
(847, 'berocor@storj99.top', 'jaynax12022012'),
(848, 'meshal_s@yahoo.com', 'booha2017'),
(849, 'bsibal@yahoo.com', '3409Brobot'),
(850, 'spyderbass1@yahoo.com', 'b82492jl'),
(851, 'stratid@gmail.com', '@@xnk7591'),
(852, 'anass.toub@gmail.com', 'anoussa2001'),
(853, 'alakthar@gmail.com', 'sarfaraz'),
(854, 'marcin@sarna.info', 'Sam4405250624'),
(855, 'michael_bellen@live.com', 'Mile0001'),
(856, 'pancacandra.kirana@gmail.com', 'budakbanten1997n'),
(857, 'gheno.gabriele.g@edumail.vic.gov.au', 'Pusspuss21'),
(858, 'glauco111@gmail.com', '24681358'),
(859, 'thearbitratorau@gmail.com', 'jupyEEn09b'),
(860, 'mansakaeo123@gmail.com', '0854317338'),
(861, 'sasher6585@gmail.com', 'Ho52qXJ7'),
(862, 'mmm@gmail.com', 'asdfg'),
(863, 'batatona@gmail.com', 'abcd'),
(864, 'presh.sharma2@gmail.com', 'swati_123'),
(865, 'oddbods@xtra.co.nz', 'stefan64'),
(866, 'devsj02@gmail.com', 'Aaryandev1234'),
(867, 'chrishan.tharaka@gmail.com', 'ct0757116643'),
(868, 'safournavy@gmail.com', '20672932b'),
(869, 'dhruvspatel50@gmail.com', 'dhruv123456'),
(870, 'dhanashreevilasnikam@gmail.com', 'dhanashree12345'),
(871, 'samparekh6@gmail.com', 'sameer'),
(872, 'ivanfs8899@gmial.com', 'ivanrima'),
(873, 'test@hotmail.com', 'blablabla'),
(874, 'asdf@asdf.nl', 'vlavipp1e'),
(875, 'x_ryan@hotmail.co.uk', 'whyhackdavid123'),
(876, 'taveirajc@gmail.com', 'y2km3j'),
(877, 'justintje32@hotmail.com', 'chaz12'),
(878, 'carlos.rocha.carone@gmail.com', 'arduino2017'),
(879, 'guille.2001dark@gmail.com', 'papa231278'),
(880, 'maheer_95s@hotmail.com', 'maher12345'),
(881, 'nishchaytushir1@gmail.com', 'Zonty@123'),
(882, 'basaran07@hotmail.com', '25824466'),
(883, 'birdstar00@gmail.com', 'b15945678'),
(884, '213025310@mycput.ac.za', 'Deno@1994'),
(885, 'crayz-_-kanka@gmail.com', '31343134'),
(886, 'doru_sarah@yahoo.com', '17455651'),
(887, 'dialdhruv@gmail.com', 'dhruv007007'),
(888, 'placid.talisman@gmail.com', '12344321'),
(889, 'chiniwarvijaya@gmail.com', 'Reni@123'),
(890, 'andrew.g.ricketts@gmail.com', 'Fire1234'),
(891, 'randikhanrandi@gmail.com', 'ahsanbilal4'),
(892, 'carlcrafters@gmail.com', 'M0nk3y2004'),
(893, 'ahmadsheikh617@gmail.com', 'Ahmad4mj3d'),
(894, 'lyllan.n@hotmail.com', 'appelsap'),
(895, 'jfelixlunaj@hotmail.com', 'Felixluna59'),
(896, 'drefat05@gmail.com', 'lovedodo'),
(897, 'lukasukatuka@gmail.com', 'mando123'),
(898, 'germani_1996@mail.ru', 'felker924597'),
(899, 'tala.alnajjar@gmail.com', 'tala.2610'),
(900, 'preethi.raja23@yahoo.com', '198687'),
(901, 'sinackt@gmail.com', '8e7-YJJ-Qdx-ECP'),
(902, 'ysurkau2@web.de', 'ysurkau123'),
(903, 'debjyoti30@outlook.com', 'babai90511'),
(904, 'shashikaandmtik@gmail.com', '880514334s'),
(905, 'kent_tam6119@yahoo.com', 'kt921210'),
(906, 'rfb50933@posdz.com', 'dsaqw'),
(907, 'fj-jansen@telfort.nl', 'vandreumel'),
(908, 'rberstein@hotmail.com', 'rb7401'),
(909, 'johnlamoutte24@gmail.com', 'hotdog22'),
(910, 'firzanahaha@gmail.com', 'nf010898'),
(911, 'nikom.suvonvorn@gmail.com', 'eimhtsj4'),
(912, 'khizarahamed4@gmail.com', 'khizar@24'),
(913, 'sunita.patil@infysky.com', 'sunita@infysky'),
(914, 'hi@gmail.com', 'hi'),
(915, 'kentlouiedaniagel77@gmail.com', 'kentlouie77'),
(916, 'yaya_wtvr92@yahoo.com', 'animefreak4ever'),
(917, 'omarmedhat2004@gmail.com', 'omartaher'),
(918, 'smmonaemtipu@gmail.com', '9528a9423'),
(919, 'smmonaemtipu@gmail.com', '9528a9423'),
(920, 'asdasdsd@gmail.com', 'vini2411'),
(921, 'buyer@who.net', 'minimini'),
(922, 'andre.loubser@gmail.com', 'Wagwoord1'),
(923, 'pma@dinsafe.dk', 'ace5417'),
(924, 'saravana88saran@gmail.com', 'tttttttt67'),
(925, 'shivam.kr662@gmail.com', 'shivam.singh90'),
(926, 'madfpo@hotmail.com', '12o34p45'),
(927, 'habib@sstpsr.edu.pk', '12345sst'),
(928, 'rshubham675@gmail.com', '123456789@'),
(929, 'n867254@mvrht.net', 'fred'),
(930, 'gunawan_w@yahoo.com', 'kambing123'),
(931, 'sgurukrish@yahoo.com', 'guruguru'),
(932, 'lluc163@gmail.com', 'lmg484950'),
(933, 'jneifert@shaw.ca', '11hj0835'),
(934, 'karthik20121990@gmail.com', 'muthukarthik90'),
(935, 'bhurle.aniket@gmail.com', 'aniket123'),
(936, 'cpperry123@gmail.com', 'biff1scooby2'),
(937, 'anobato@yahoo.com', 'anobato'),
(938, 'o75217@mvrht.net', '1234567890'),
(939, 'erxkhar1@azet.sk', 'mutantiq2'),
(940, 'prandroid111@gmail.com', '1234'),
(941, 'marc@hourticolon.de', 'Figment1robotix'),
(942, 'hayes.seyah09354085977@gmail.com', 'asaitlog123'),
(943, 'tobia.giampiccolo@gmail.com', 'dade2242'),
(944, 'pratamachuan@gmail.com', '123456'),
(945, 'menagavadivelu@gmail.com', 'menaga123'),
(946, 'akhilesh.gonabal@gmail.com', 'AkhilEE203@NITK'),
(947, 'asifsarder16@gmail.com', 'psp1004'),
(948, 'p367315@mvrht.net', 'chaitanya'),
(949, 'bastiaensstijn@gmail.com', 'StijnBastiaens'),
(950, 'ankitaambewadikar@gmail.com', 'ankita2310'),
(951, 'bnt@telus.net', 'Vic1973'),
(952, 'bntsimp@telus.net', 'Vic1973'),
(953, 'bheron62@gmail.com', 'RailRoad1962'),
(954, 'jekjekclemente@gmail.com', 'byakushiki'),
(955, 'taxilate@gmail.com', '4321rewq'),
(956, 'technicguy@gmail.com', 'rupandehi'),
(957, 'orpheuspetrola@yahoo.com', 'Opensesame10121012'),
(958, 'spam@67240', 'Robotix69'),
(959, 'shr18081996@gmail.com', '8390512347'),
(960, 'mfb_gfer@hotmail.com', 'maferczc7'),
(961, 'flyingwith1wing@gmail.com', 'jakejakeisaboy'),
(962, 'chasemoreno07@gmail.com', 'chase2005'),
(963, 'mm1dph@aol.com', 'Pr0gal0t22'),
(964, 'mostpedersen@gmail.com', '_Rolling4802_'),
(965, 'bill@bfelectronics.com.au', 'Krischey1'),
(966, 'vitorfmartins10@hotmail.com', 'padrinho09092001'),
(967, 'paulbrandt2@hotmail.com', 'Y7F-doy-gyY-3Nw'),
(968, 'vis44@hetnet.nl', 'rubicon62'),
(969, 'nikunjdobariya08@gmail.com', 'bh@Nub3N'),
(970, 'bwizy01@gmail.com', '1597'),
(971, 'fasddf@ddd.pl', 'asdfghjkl'),
(972, 'sougatabagchi100@gmail.com', 'robotixpinka0330'),
(973, 'felipemedeirosholanda@gmail.com', 'fe889650'),
(974, 'dodoyoung2017@gmail.com', 'dodoawsome123'),
(975, 'yusopiah95@gmail.com', 'Monkey21'),
(976, 'ayushsingla901@gmail.com', 'ayush1899'),
(977, 'hasald2010@gmail.com', 'luwishewa1993'),
(978, 'shaddaikamina@gmail.com', 'Kaminashaddai'),
(979, 'fuckoff@hotmail.com', 'fuckoff21'),
(980, 'adisulaeman83@gmail.com', 'adisulaemangthloh12'),
(981, 'l181nkw@live.com', 'jabbawokki'),
(982, 'profesorfz2@yahoo.com', 'a123'),
(983, 'poornesh26198@gmail.com', 'cloudbull123'),
(984, 'leo_tec@hotmail.com', '1nsert'),
(985, 'gleconseil@yopmail.com', 'keshni'),
(986, 'eldad.iti@gmail.com', 'emilio%7948'),
(987, 'tjeerdsch@gmail.com', 'arduinotjeerd'),
(988, 'hasanhashib16@gmail.com', 'mithunnow'),
(989, 'a669stang1@gmail.com', 'oldfarmhand'),
(990, 'gbetromero2010@gmail.com', 'candy2010'),
(991, 'chyhchong@gmail.com', 'jhjh22498566');

--
-- Dumping data for table `software`
--

INSERT INTO `software` (`id`, `name`, `description`, `image`, `download`, `link`) VALUES
(1, 'Scratch 4 Arduino', 'Download this software to design your circuits', 's4a.png', 'http://s4a.cat/#downloads', 'http://s4a.cat'),
(2, 'Arduino', 'Download this software to design your circuits', 'arduino.png', 'https://www.arduino.cc/en/Main/Software', 'https://www.arduino.cc/'),
(3, 'DC Duino Driver', 'Download this software to design your circuits', '', 'http://driverzone.com/%7B795007d3-9d0a-4882-a977-2', '');

--
-- Dumping data for table `udemy_codes`
--

INSERT INTO `udemy_codes` (`code`, `redeem_date`) VALUES
('22toj7DN', NULL),
('2BheVB86', NULL),
('2DLfjQiB', NULL),
('2dMGnHNT', NULL),
('2duMnyed', NULL),
('2dwNdQB4', NULL),
('2Ekfy7RW', NULL),
('2fqZoRGv', NULL),
('2LtLhZ4U', NULL),
('2LXCoqcT', NULL),
('2PS3cYoc', NULL),
('2pU32qSf', NULL),
('2TSpfzhn', NULL),
('2uEHX6oD', NULL),
('2utdM8Nn', NULL),
('2VKtnTNd', NULL),
('2YxNivW5', NULL),
('2z4FPDaH', NULL),
('2zG96ojc', NULL),
('3BmUpueb', NULL),
('3hr4RXvt', NULL),
('3j7RQs73', NULL),
('3kpgB4vg', NULL),
('3mbbtSoG', NULL),
('3mByYkvk', NULL),
('3QTgid68', NULL),
('3zY3kMCa', NULL),
('44zJpuay', NULL),
('45sEqWiX', NULL),
('47vJMBmY', NULL),
('48WtuJnb', NULL),
('4DW6ckwf', NULL),
('4gKYazX3', NULL),
('4gMu5gYZ', NULL),
('4gqdogfS', NULL),
('4inxw7u2', NULL),
('4kN7L7yX', NULL),
('4MsMaoi7', NULL),
('4oR3ptz6', NULL),
('4oZ5UogK', NULL),
('4T6eWoT7', NULL),
('4WcVsdNy', NULL),
('5AgGfb5m', NULL),
('5aTeutUy', NULL),
('5CLwL6iz', NULL),
('5da7dkxa', NULL),
('5fCfSUSm', NULL),
('5gFaaSCT', NULL),
('5hCxyGsD', NULL),
('5jKaDdiw', NULL),
('5jTZq3jf', NULL),
('5LomEupU', NULL),
('5MNZ7TkE', NULL),
('5QCUBwUu', NULL),
('5QJAsC9A', NULL),
('5sY85EkB', NULL),
('5UoMVdKw', NULL),
('5Uox5NhR', NULL),
('5ZWy4QLg', NULL),
('63sTxE9u', NULL),
('65aeCB38', NULL),
('68Bc3ee7', NULL),
('6ChrT3fi', NULL),
('6CXthKAY', NULL),
('6EEx5RUQ', NULL),
('6JTuAJtM', NULL),
('6k6GwBRt', NULL),
('6KaA9cQQ', NULL),
('6KBc7k9v', NULL),
('6kq9zNPF', NULL),
('6NuVNfTD', NULL),
('6po8BwhE', NULL),
('6pVd9rzf', NULL),
('6r7FL5cD', NULL),
('6TJtibFm', NULL),
('6TYrEsYu', NULL),
('6uTMNv9H', NULL),
('6x7djPUr', NULL),
('6x9kMsX7', NULL),
('72gjUF7m', NULL),
('78VinF8K', NULL),
('7aRAhqkz', NULL),
('7baE9Ljb', NULL),
('7bATjxqi', NULL),
('7d2mMGtq', NULL),
('7DiVwBy4', NULL),
('7dZu9NoN', NULL),
('7eHQPdsj', NULL),
('7EuWBUEv', NULL),
('7FiCJahU', NULL),
('7HGWQykH', NULL),
('7mNhs99s', NULL),
('7opwWoWH', NULL),
('7PiXUM9j', NULL),
('7q7SxQ4b', NULL),
('7SkNypAo', NULL),
('7VZJePfx', NULL),
('7ZAtNyrk', NULL),
('89SSHjVL', NULL),
('8b5iG8Ku', NULL),
('8cWoWGyc', NULL),
('8D87rJ5v', NULL),
('8dSiCwr8', NULL),
('8dzrmEky', NULL),
('8Eq2otcT', NULL),
('8FVyKdqQ', NULL),
('8gQGGVVj', NULL),
('8gZqBrbj', NULL),
('8HnBvJSd', NULL),
('8LHDtd4u', NULL),
('8Md9cSvG', NULL),
('8mLoBvEf', NULL),
('8o35XnmY', NULL),
('8oLDVczV', NULL),
('8rSGinS5', NULL),
('8sji95Pa', NULL),
('8t7bzJYw', NULL),
('8W5r2tHJ', NULL),
('8we795we', NULL),
('8wJhFsNq', NULL),
('8XYWDcUV', NULL),
('8y2bw5ou', NULL),
('96evNWpW', NULL),
('97UeVrTw', NULL),
('9b4GedgP', NULL),
('9C8ACyHy', NULL),
('9eFLhqeo', NULL),
('9FqCxA2z', NULL),
('9ggjPhUC', NULL),
('9HzhXqwC', NULL),
('9jE92UXY', NULL),
('9kHDEZ7X', NULL),
('9mF6Jon4', NULL),
('9N2DhiSQ', NULL),
('9nwXZUdN', NULL),
('9RB7qByV', NULL),
('9SFZwMvE', NULL),
('9wAzQeT7', NULL),
('9xFiwC9J', NULL),
('9xPEtHvt', NULL),
('9ZPGkXaa', NULL),
('9zVpLgkn', NULL),
('a2es44ps', NULL),
('A3hpT5N4', NULL),
('a4d9nqsF', NULL),
('A4fu8oAZ', NULL),
('a4qnKU4U', NULL),
('aa35MTLp', NULL),
('aaaaaaaa', NULL),
('AaTkvmaJ', NULL),
('aBSCamV4', NULL),
('aBzf6Yok', NULL),
('aC34ZJrX', NULL),
('AcDRDPDz', NULL),
('AdKGeAnX', NULL),
('AeCW5kkz', NULL),
('AfzZMEcq', NULL),
('AGY57Msb', NULL),
('aHHDNSSx', NULL),
('AhZxdYod', NULL),
('ajfSXK5Q', NULL),
('ak8TS5cw', NULL),
('akW4i4Eo', NULL),
('Akx2sMe6', NULL),
('aLhKeHRA', NULL),
('aMaCSzJX', NULL),
('annYRKvj', NULL),
('ANYARoEA', NULL),
('APYkbvMU', NULL),
('AqeVpRJp', NULL),
('aqW32zQZ', NULL),
('au2LUq8Y', NULL),
('auc9fHCp', NULL),
('AWWssMvq', NULL),
('AYFWwbt3', NULL),
('AzfY3S4Z', NULL),
('AZtjGKqd', NULL),
('aZX3BRNf', NULL),
('b3R3BZUr', NULL),
('B3UrwFZ6', NULL),
('B9fQE9Cb', NULL),
('bAGVWQwv', NULL),
('bbbbbbbb', NULL),
('bc2P3BK3', NULL),
('bCC87BLY', NULL),
('bCPqALPd', NULL),
('bDy46VEb', NULL),
('bi9MuqZq', NULL),
('bJc3Jg8Z', NULL),
('bJm97i3u', NULL),
('BJzziW55', NULL),
('bkgPjCzB', NULL),
('BkuSvybg', NULL),
('bLjFRdKk', NULL),
('bLjWdTQr', NULL),
('BoF5nvzw', NULL),
('boHBNwag', NULL),
('bpNZa4dJ', NULL),
('BQ2ffCbP', NULL),
('BqCoF82X', NULL),
('bQhGRzbb', NULL),
('brafcDPS', NULL),
('Brjs4wnY', NULL),
('bsPrrMYV', NULL),
('BSQwKbHD', NULL),
('BT8aM8fy', NULL),
('BtGKBaCv', NULL),
('bVMPcmUb', NULL),
('bvp8WDsU', NULL),
('bxQ8iaeD', NULL),
('BXYxFKuL', NULL),
('BZfKiqdv', NULL),
('BZqUjMAP', NULL),
('C2oD8D55', NULL),
('c3hUbTe3', NULL),
('C3N8byCc', NULL),
('C5tqaHPD', NULL),
('c6C5E3jp', NULL),
('c6rTTJhE', NULL),
('C9ZNRduL', NULL),
('ca2wMXWa', NULL),
('CBN6HSVM', NULL),
('cccccccc', '2017-09-05'),
('CCnX5A9x', NULL),
('cd7KMZVz', NULL),
('CdpVdh3f', NULL),
('CeQYxF9G', NULL),
('CFgaVGgE', NULL),
('CFnJkF33', NULL),
('cHjCgZBc', NULL),
('cHNA9nmh', NULL),
('chsozgLz', NULL),
('cJcaJqCN', NULL),
('CjmAXmxW', NULL),
('cjxvKvQx', NULL),
('cKz7ZXE3', NULL),
('CMFCTR4j', NULL),
('CmqxhBmA', NULL),
('cN7bV2xe', NULL),
('cp8PGfZq', NULL),
('cR2GKU9q', NULL),
('CREs3yRR', NULL),
('crUinGy3', '2017-09-06'),
('CsCjdUie', NULL),
('CSCyYbxf', NULL),
('cSjUmcKy', NULL),
('csUrJmi4', NULL),
('CVA54EkH', NULL),
('cwfYvx8c', NULL),
('cwJJ7JCE', NULL),
('cxbMnDuk', NULL),
('cYJi4n9y', NULL),
('cZ72akeQ', NULL),
('czL3XrRt', NULL),
('D3gyecaY', NULL),
('d3yfXTp4', NULL),
('d4vQjDUH', NULL),
('d63ZoQCn', NULL),
('D93qa6H4', NULL),
('d9kGdY2X', NULL),
('daEHqia7', NULL),
('dAw8rig5', NULL),
('DBYMFtjf', NULL),
('DcHv3LVJ', NULL),
('dddddddd', NULL),
('dF8mQJ7C', NULL),
('diYi67LD', NULL),
('DJuaprDT', NULL),
('dM7hpxg6', NULL),
('DMK97VqG', NULL),
('dmrBcwej', NULL),
('Dn6wujpx', NULL),
('Dn7SoPZK', NULL),
('Dn9f4bUz', NULL),
('dndDyRhk', NULL),
('dStRE9G8', NULL),
('Dw93HD8X', NULL),
('DX2wuosQ', NULL),
('DxhZo8Ei', NULL),
('dY9sFTj3', NULL),
('DykGCE8p', NULL),
('dySb93MZ', NULL),
('dyWfiVRh', NULL),
('dzn64J5R', NULL),
('e2zHDB3J', NULL),
('e36SxYT8', NULL),
('E46H8HRY', NULL),
('e5K9XWfp', NULL),
('E67Ljnej', NULL),
('E6pXgKbL', NULL),
('e6rxTD9S', NULL),
('e7aNpRiB', NULL),
('e9dmvaZ9', NULL),
('Eb8ZUGBR', NULL),
('eBEs2MpD', NULL),
('EBKzn7kK', NULL),
('EbswYp6w', NULL),
('eCwA7DJ2', NULL),
('ed7FyHpU', NULL),
('Eean5K8i', NULL),
('eeeeeeee', NULL),
('EeHGk6Mc', NULL),
('ehHmJrBZ', NULL),
('Ehk7Jkcs', NULL),
('EHXkcWvm', NULL),
('eKmw3BhA', NULL),
('ektPpysB', NULL),
('ekvvG9L5', NULL),
('eMbkYrPH', NULL),
('emithZFa', NULL),
('ep8qBXYH', NULL),
('ePb8srr5', NULL),
('epk4DkF7', NULL),
('EPsV2Y4S', NULL),
('ER8g5GCd', NULL),
('ErnB7gVt', NULL),
('esr4ieop', NULL),
('ESrKUZob', NULL),
('Eu84NuWf', NULL),
('eWiwBnQm', NULL),
('EwJpMhRK', NULL),
('EWpLwnpM', NULL),
('EXukifXL', NULL),
('eyiDNfEf', NULL),
('EYtBhPdt', NULL),
('eZbzb94u', NULL),
('eZFbqVbB', NULL),
('f5kR666h', NULL),
('f6aVz4vd', NULL),
('F6ES9mNj', NULL),
('FAypXcTc', NULL),
('FBggZzrE', NULL),
('FcSRbGMy', NULL),
('FdzEZBbM', NULL),
('fE68Hotg', NULL),
('ffffffff', NULL),
('fgp3L9Gi', NULL),
('FH9UqXLy', NULL),
('fhbahM2z', NULL),
('FiU3Hvd4', NULL),
('FJ4WgmVD', NULL),
('fJUFgSnx', NULL),
('FKBDuPEM', NULL),
('FKvuemWB', NULL),
('fNzbrSie', NULL),
('foFGipND', NULL),
('fowM4zzf', NULL),
('FPbmcKDS', NULL),
('fQvznjD3', NULL),
('fRFVaUVN', NULL),
('FRknD4iF', NULL),
('Fs2hnqWf', NULL),
('ftbqyWZx', NULL),
('FTiRduMn', NULL),
('FUNFpGBK', NULL),
('fuXUazF9', NULL),
('FVCQW8dS', NULL),
('fWb4uJF8', NULL),
('fWdh29YJ', NULL),
('fwpaxQ9Q', NULL),
('FwUQjYRf', NULL),
('FXAL56Tw', NULL),
('fZdUrktX', NULL),
('FzZuhmbQ', NULL),
('G25oFSDv', NULL),
('G2Abfix9', NULL),
('g4C2uuuP', NULL),
('G5fHXB4K', NULL),
('gAAQpgbN', NULL),
('gdoxBm2g', NULL),
('gED7gYX9', NULL),
('GEEMPSUf', NULL),
('gegJCD7v', NULL),
('ggPDybuj', NULL),
('gJkYAUQj', NULL),
('GjvwCUGs', NULL),
('GJwQxtBx', NULL),
('GKJBPnF7', NULL),
('GKUmE9wn', NULL),
('gkXww96v', NULL),
('GmraTy4d', NULL),
('GPNxjZvw', NULL),
('gQUZgeTW', NULL),
('Gre6bXgL', NULL),
('GrZaQzDX', NULL),
('gTagV2xV', NULL),
('GTb4LTXd', NULL),
('GTFLwb5a', NULL),
('guTHm223', NULL),
('GVCM2CUF', NULL),
('GWBRVL8o', NULL),
('GYTEoPMW', NULL),
('GZQpjvy4', NULL),
('h7DtUxos', NULL),
('h8tsP3PL', NULL),
('H9yhdqFS', NULL),
('H9yRrvmj', NULL),
('Ha4zkEXi', NULL),
('haBfevR6', NULL),
('HagVQ2WZ', NULL),
('HbKPQMSZ', NULL),
('hbzMNr6A', NULL),
('He7BCDkS', NULL),
('hebFuFpF', NULL),
('hEVa6fFK', NULL),
('hEVqT9ea', NULL),
('HgsbeXvH', NULL),
('HH85sKqJ', NULL),
('hHJc24by', NULL),
('hi4vNdQk', NULL),
('HiTwSxt7', NULL),
('hjnq58ti', NULL),
('HkUbg5Cd', NULL),
('HkYxEb8p', NULL),
('hLtrH8QU', NULL),
('hM3JBNTQ', NULL),
('HMLAhNEb', NULL),
('hmrsCGz5', NULL),
('hnBP9PDX', NULL),
('hnyD3S7c', NULL),
('hpuA6Z9h', NULL),
('HqCbqfKw', NULL),
('Hr2WDGdZ', NULL),
('HR7gJTPu', NULL),
('HShkPQTc', NULL),
('HVZLHPjR', NULL),
('hWbMkSw6', NULL),
('HwkoTGtH', NULL),
('hWs7byGV', NULL),
('hWuLoygr', NULL),
('HXFvibkG', NULL),
('HxJ2Qg2b', NULL),
('hy8HxxMv', NULL),
('hyxeRu3w', NULL),
('HZ3LPJV5', NULL),
('hz53pqpe', NULL),
('hzRLNZxf', NULL),
('i9XTvQkx', NULL),
('iaN6ufkd', NULL),
('icvUMyK4', NULL),
('iDmrMTkF', NULL),
('idvYjp5U', NULL),
('ieXQKP77', NULL),
('iGKHcDYP', NULL),
('iiCF4JJu', NULL),
('iiSrQ853', NULL),
('iLLbC6sM', NULL),
('iM7wd5EK', NULL),
('ioX5ywhy', NULL),
('iPGNTY8A', NULL),
('ipPUThNa', NULL),
('iRgZD9kq', NULL),
('iRnYePJW', NULL),
('iUeoB8Po', NULL),
('iWxmbhsb', NULL),
('iyvXVptw', NULL),
('izgamLT7', NULL),
('J5bHMXSA', NULL),
('j8VsDx8m', NULL),
('jAErspZH', NULL),
('JdKmzuZf', NULL),
('jdZYHU5i', NULL),
('Je3uzZ7C', NULL),
('jeYsjMdY', NULL),
('jfRaaKor', NULL),
('JgNjrv3j', NULL),
('jhSqHSoL', NULL),
('jjPvWqxT', NULL),
('jLNbMxVF', NULL),
('JNSkruww', NULL),
('jPP6HeT5', NULL),
('jpwmToDx', NULL),
('jqfjpLKS', NULL),
('JR6fY5pw', NULL),
('JrqMuFDS', NULL),
('jRzenUEs', NULL),
('js5bCh8e', NULL),
('jsbnihT4', NULL),
('JsU7K3yn', NULL),
('JVh4AqJo', NULL),
('jvMaqc3M', NULL),
('jvqHJaRV', NULL),
('JVZqUmcA', NULL),
('JWNDjoVh', NULL),
('jxAfuSrv', NULL),
('JXBAsz6H', NULL),
('jYHSXNHt', NULL),
('jYREiGJv', NULL),
('JyTwMU2P', NULL),
('K2PjCCk2', NULL),
('K3VLc8Gy', NULL),
('K4bd7bPx', NULL),
('K5jKhqXs', NULL),
('k7vN6f9s', NULL),
('k8aKJShZ', NULL),
('k9jH64cx', NULL),
('kC6v9qAj', NULL),
('KguJ9vLP', NULL),
('KGYQysCz', NULL),
('KHTQnyKd', NULL),
('kiJ6cupw', NULL),
('kjs76HMW', NULL),
('kJxvdT8v', NULL),
('kKPPbt4t', NULL),
('Km9qdpue', NULL),
('KpmAkp3e', NULL),
('kpsP2ons', NULL),
('kq4EWFk3', NULL),
('kr9bJQuf', NULL),
('KrnvFufU', NULL),
('kSoXMwZv', NULL),
('KT39F7HC', NULL),
('KtSuUUja', NULL),
('kuaa5NfL', NULL),
('KWwiz9K8', NULL),
('kX9km45Q', NULL),
('KXRL7tYS', NULL),
('kyNKMN4c', NULL),
('KyYGA26R', NULL),
('KZ3dvTWZ', NULL),
('KztNonaN', NULL),
('kzYkXBtN', NULL),
('L2wihuwx', NULL),
('L4ZKJ7d3', NULL),
('L5wLfrRY', NULL),
('L9PFWAGx', NULL),
('LBgsEboh', NULL),
('LCwZtrK6', NULL),
('LDVZ4v64', NULL),
('LgcfjxGc', NULL),
('Lm2ws4hG', NULL),
('LowzAvWH', NULL),
('LrD7bXDf', NULL),
('LtETFfnY', NULL),
('LUgFCMhL', NULL),
('Lunpwy4v', NULL),
('LVUrRbmj', NULL),
('Lwe6EDXG', NULL),
('LWYHh92i', NULL),
('m2HPH6eM', NULL),
('M4ruEuzc', NULL),
('M4WBnx5x', NULL),
('m6rw4HTH', NULL),
('M6v28vUT', NULL),
('m6ZUK478', NULL),
('m76T5EEF', NULL),
('m8C8A3sL', NULL),
('M8T6icwY', NULL),
('Ma7mmeCX', NULL),
('MBdXWweD', NULL),
('mbTAAiXv', NULL),
('MbziXMSd', NULL),
('mcc4v5Mo', NULL),
('MCHc7JYK', NULL),
('mCVrqMSR', NULL),
('MdSV3dwh', NULL),
('mdZi7sQs', NULL),
('mEqgj2gP', NULL),
('mEzA7fh4', NULL),
('MfBXNDcH', NULL),
('mFEaKro8', NULL),
('MhHcPQTX', NULL),
('mKEhdCzA', NULL),
('MLFbyLt7', NULL),
('Mnx3hnHm', NULL),
('MPe6JGvP', NULL),
('mPHjdX2H', NULL),
('MpnuV7pA', NULL),
('mrENkCtt', NULL),
('mRuAZyiE', NULL),
('MSrSybaY', NULL),
('MSxTmzsn', NULL),
('Mu2JPhSB', NULL),
('mufbBg9d', NULL),
('MUjedJmu', NULL),
('MUyZeqGR', NULL),
('mXg54GoX', NULL),
('Myj5GoWS', NULL),
('n2TbC5yv', NULL),
('n37zgy92', NULL),
('n6JKv7DC', NULL),
('n7JWcCHg', NULL),
('n7LRUrPY', NULL),
('N9dxyp9d', NULL),
('naJnKAke', NULL),
('Nb6brwMX', NULL),
('NbndrF6b', NULL),
('NciSB68y', NULL),
('NcqJ87xp', NULL),
('Nd3thKLi', NULL),
('nD5XSMZe', NULL),
('NdktDxQV', NULL),
('nDWvTWfr', NULL),
('nEDS5H37', NULL),
('NfZ8xjS9', NULL),
('NGts2rAK', NULL),
('NJqWUPyw', NULL),
('nKBGNNEi', NULL),
('NkH7WUXr', NULL),
('nKj8eq8Y', NULL),
('NLjYtBij', NULL),
('NNaAVjXG', NULL),
('NodW8DWF', NULL),
('NqBiSTrH', NULL),
('nqYtYvDP', NULL),
('nRknLGGf', NULL),
('nsHwLaGJ', NULL),
('nVcC2xjh', NULL),
('nWbNhXid', NULL),
('nxaXZHfN', NULL),
('nxGZHvZk', NULL),
('NYFmo2Pa', NULL),
('nzmJC3Ar', NULL),
('o2DHrfFm', NULL),
('o35pHjQk', NULL),
('o3tLpPMS', NULL),
('o4kTPpab', NULL),
('o5CcYtVU', NULL),
('o5i5vo6Q', NULL),
('o8sYhpkj', NULL),
('o9khjfku', NULL),
('oAhE8rB9', NULL),
('obsi5YpD', NULL),
('obwokBWR', NULL),
('odazgsvj', NULL),
('oe8TN66b', NULL),
('oFwctsBb', NULL),
('ogEziD3k', NULL),
('ogN4Q6Y8', NULL),
('oJptex6F', NULL),
('okX6ixxz', NULL),
('oLKLGjAG', NULL),
('oMcm3fY4', NULL),
('oqEruXkQ', NULL),
('oqFHNAvj', NULL),
('orswqeRs', NULL),
('oudKzszo', NULL),
('ouorvcAL', NULL),
('oYKUYPTE', NULL),
('oZACwCHg', NULL),
('P4p5hhMS', NULL),
('p65WdLCm', NULL),
('p6JNoLfB', NULL),
('p6Nytitw', NULL),
('p7iJEx9q', NULL),
('PAGbdDV5', NULL),
('paQcCGJ9', NULL),
('PayynFDZ', NULL),
('PbnYfLat', NULL),
('Pc4DVUM7', NULL),
('pCHnvGJn', NULL),
('pDDXovat', NULL),
('pDRf7Thi', NULL),
('PdRFYnXg', NULL),
('Pe7NkiCp', NULL),
('PE7Sq3Zf', NULL),
('PezMEFzV', NULL),
('PFNYHmtt', NULL),
('PfoTJyxe', NULL),
('pftuiTLZ', NULL),
('pG5f4uDd', NULL),
('PgBLpFak', NULL),
('PhWeh2GW', NULL),
('pjKJoyc4', NULL),
('PjNWXhVV', NULL),
('pkhD3DgY', NULL),
('pN6n6F5J', NULL),
('PnMbefce', NULL),
('PofWLMjX', NULL),
('poiE96c8', NULL),
('PpCAwVZ2', NULL),
('pPhL4a3u', NULL),
('PQbmL4PU', NULL),
('PSTt52My', NULL),
('pt7n4inc', NULL),
('PvSwi9FU', NULL),
('PXaQVFfn', NULL),
('PxW26xJR', NULL),
('PxWpxBqX', NULL),
('PY6LA8bC', NULL),
('PYurmxdt', NULL),
('Q2pbgwcp', NULL),
('q2TgbgB5', NULL),
('Q2UR2qSw', NULL),
('Q38A8aYg', NULL),
('Q3pQ2KRk', NULL),
('QaLfFSA7', NULL),
('qaWhA6nM', NULL),
('qC8xYhJA', NULL),
('QCokfeeU', NULL),
('QCZKgoNs', NULL),
('qeUDaY3R', NULL),
('qGXmu9uq', NULL),
('qhbwaag8', NULL),
('QHgk5Xf2', NULL),
('qJGsJyY6', NULL),
('QjNqVfAL', NULL),
('qJZHGNUQ', NULL),
('QKLpkUAB', NULL),
('QKyqAnCx', NULL),
('qmNADJFE', NULL),
('QnYF5nS9', NULL),
('QomYt4qq', NULL),
('QQbskGud', NULL),
('qQWJmQja', NULL),
('QRerdKde', NULL),
('QSZjjYo4', NULL),
('QtDgFH5E', NULL),
('qTjPdyR7', NULL),
('QtkPXrNi', NULL),
('qvAKCJvU', NULL),
('qvqC4XkS', NULL),
('QvuJ5H6S', NULL),
('Qw86T4sY', NULL),
('qwduoZMw', NULL),
('QwGcsHPt', NULL),
('QWLhANMd', NULL),
('qxqpAfrv', NULL),
('QY4bgEPg', NULL),
('QyJxFX4w', NULL),
('qZkVWxEE', NULL),
('R3QvfHC5', NULL),
('r4dKVYuw', NULL),
('R4w4mRQA', NULL),
('r886jSQg', NULL),
('R8izGowA', NULL),
('R8kxhNhm', NULL),
('R9RdzWHN', NULL),
('rB23JErC', NULL),
('rbxVvLfU', NULL),
('rCo4JWTr', NULL),
('rdsobFmq', NULL),
('rDxs3Jr7', NULL),
('RGFeFaPr', NULL),
('rGuZ7Ego', NULL),
('rH2tfSJD', NULL),
('rHgfr5vA', NULL),
('RkTApZfn', NULL),
('RmZX63Nw', NULL),
('RooGeedF', NULL),
('RP7uNdgR', NULL),
('rpE6bZzW', NULL),
('rqogChXX', NULL),
('Rqyxpq4d', NULL),
('RSquKPzZ', NULL),
('Rt7RDpMQ', NULL),
('RUHvUKpu', NULL),
('rUyqjo4v', NULL),
('rvLtX63p', NULL),
('rVpYTsck', NULL),
('Rwsi8hNx', NULL),
('rxQw2ajg', NULL),
('S3nvGpLM', NULL),
('S6YRNDta', NULL),
('sAiJsm3T', NULL),
('sAoTjV9u', NULL),
('SCB4fSLJ', NULL),
('SD8r58iL', NULL),
('sdg46MoQ', NULL),
('sDtAVTZn', NULL),
('seUcuUXH', NULL),
('sFQCDP8Z', NULL),
('sgkLF4xk', NULL),
('sgUqvE63', NULL),
('sinEWYBM', NULL),
('Sj4zL96j', NULL),
('sK8xworq', NULL),
('SKuqfcLT', NULL),
('ssaKkWVN', NULL),
('ST8m6bgP', NULL),
('sUcTBWQS', NULL),
('sWnHHn9q', NULL),
('sxDTSfhf', NULL),
('syfvyrW7', NULL),
('sZmm3JbC', NULL),
('t3g9xLMD', NULL),
('T4pdku5Q', NULL),
('T4YJ5zRd', NULL),
('T63gw3je', NULL),
('tAbyW753', NULL),
('TAq3cMcB', NULL),
('TaUj2rhu', NULL),
('TaWz9urZ', NULL),
('TByXNc8T', NULL),
('TcHv2MXb', NULL),
('TcSoiufP', NULL),
('TCyiBQE8', NULL),
('tCZT7wHx', NULL),
('tdqxBgWP', NULL),
('tGBTtqik', NULL),
('Th53ZeA5', NULL),
('tHpzn3kw', NULL),
('TJex3urz', NULL),
('tKkYcnpD', NULL),
('tLRYGKAS', NULL),
('tmKB4PVy', NULL),
('tNH5xm8z', NULL),
('TNstDDeK', NULL),
('TNYdpwWy', NULL),
('tP7bNWVt', NULL),
('TQU7s9d9', NULL),
('TrBpJ5zQ', NULL),
('tw6ENrHT', NULL),
('Tws2vMtr', NULL),
('TyFA3utR', NULL),
('TyLZ7MdN', NULL),
('TZQXaH3p', NULL),
('u44FcqeT', NULL),
('u4tCVMWo', NULL),
('u5YQcU3w', NULL),
('u6HqQq4n', NULL),
('U7zEsd6v', NULL),
('UacbkQRY', NULL),
('uAKmvYfb', NULL),
('Ubb9ZJK4', NULL),
('ubjSinhE', NULL),
('uBqAt4qP', NULL),
('UCikuPZh', NULL),
('ucw6EN2r', NULL),
('uE3Qp9dx', NULL),
('UFHBZDeG', NULL),
('UgHDFgho', NULL),
('uGkCE7cM', NULL),
('UgmJh7A3', NULL),
('UKVXb2t2', NULL),
('ULm6bZXQ', NULL),
('UMgZSdNX', NULL),
('UNJ6CdkG', NULL),
('UNTXbiJ2', NULL),
('UoPfcNXC', NULL),
('UPfdihLv', NULL),
('UpGN8MK9', NULL),
('uqcXoyWi', NULL),
('uqQ3Mz6e', NULL),
('uu88qbEj', NULL),
('v2B6w7uH', NULL),
('vadLBZFe', NULL),
('VBa27CWR', NULL),
('vBPvWiqw', NULL),
('VCjUd37Y', NULL),
('VCkknA73', NULL),
('vDaUgiQR', NULL),
('VdKdAnxe', NULL),
('VdntZcFs', NULL),
('VdZe5VZs', NULL),
('ve7NtfZA', NULL),
('vFwqxnSU', NULL),
('vfWSFEFg', NULL),
('VgctaHD6', NULL),
('VinxAX9w', NULL),
('VJ4mRBS3', NULL),
('Vkdqnmvx', NULL),
('vkhRveHt', NULL),
('VLajNVvN', NULL),
('VmNvfNcq', NULL),
('vnrzeqDB', NULL),
('vohqLJNb', NULL),
('vonA57Gy', NULL),
('VP4Lbvrz', NULL),
('VP6oEZFn', NULL),
('VpbggczE', NULL),
('VQXjo7wv', NULL),
('VRdQdpTZ', NULL),
('VumhcTp6', NULL),
('vVGW5WKk', NULL),
('VvLjFz6H', NULL),
('vwkm7M3x', NULL),
('VwmpBpeP', NULL),
('vXz5GeVD', NULL),
('vYHCLfvY', NULL),
('vYZ2i2tq', NULL),
('w2pqVydz', NULL),
('w37PfxZY', NULL),
('w5Qu8fS4', NULL),
('w9Tbyc8a', NULL),
('Wa7z7LGf', NULL),
('wBUgumE4', NULL),
('WcApm4VG', NULL),
('wDP8wd4R', NULL),
('WEoH6Zm6', NULL),
('Wg4aFqKn', NULL),
('Wg8Cgm6W', NULL),
('wgii9Hji', NULL),
('WiGmJXi4', NULL),
('wMidgHNG', NULL),
('wMrjcHnx', NULL),
('wPJBrD83', NULL),
('wPkDJp9A', NULL),
('WPN3mvU8', NULL),
('wPnQXrqE', NULL),
('WqXiHjgz', NULL),
('WRLn26vL', NULL),
('ws9JhNUj', NULL),
('WTn7Zyyj', NULL),
('wu8Mm25A', NULL),
('Wutdagab', NULL),
('WvkAQ7P6', NULL),
('wvLxvNjC', NULL),
('wvnYkwLh', NULL),
('wvTGDrmk', NULL),
('WWpekGrD', NULL),
('WXpwL5uD', NULL),
('wXubdAAs', NULL),
('wzZ6eiHt', NULL),
('x4Y8zjQ7', NULL),
('x6zpfbGr', NULL),
('X7kHovQg', NULL),
('X8FMbxtR', NULL),
('Xa44QA7p', NULL),
('XA9MKkLD', NULL),
('XcPn8RMk', NULL),
('xDD2ouLu', NULL),
('xdmTRDzX', NULL),
('xehfih9b', NULL),
('XEhKbHB9', NULL),
('xGFevz8d', NULL),
('XGyfy5UW', NULL),
('xj3C6Lbq', NULL),
('xKAe5AuT', NULL),
('xkbJGvH9', NULL),
('xkeMabVb', NULL),
('xkGkSHWS', NULL),
('XNHbp8M5', NULL),
('xnLUgVKS', NULL),
('XPVMiW6u', NULL),
('xPYiPoEf', NULL),
('XQ8Sk5FA', NULL),
('xQbguQXB', NULL),
('xqnon3Rc', NULL),
('XsAae5eC', NULL),
('xtFzpCm6', NULL),
('XUg4AHms', NULL),
('Xv5hxvnz', NULL),
('XVxiumnT', NULL),
('xWADMsTz', NULL),
('XwHkTE2i', NULL),
('xwohHgys', NULL),
('XwXnPbCg', NULL),
('XXhXvZb2', NULL),
('XxrpYXiT', NULL),
('XzSAEE2E', NULL),
('XZTSpwjp', NULL),
('Y68D3vkN', NULL),
('y724Kjjv', NULL),
('Y7emzEbs', NULL),
('Y94ftCiU', NULL),
('Ya2W5egL', NULL),
('yAhLWyvs', NULL),
('YbUxVgHF', NULL),
('YbXNrJbM', NULL),
('YdAp5Fg8', NULL),
('YE9yzUCT', NULL),
('yedUyh66', NULL),
('yEUCV9Jj', NULL),
('yfr5fztc', NULL),
('yfYeJwcF', NULL),
('YHCmt5v4', NULL),
('YhnZ8AMS', NULL),
('yku6Rkiu', NULL),
('yLMmpNzU', NULL),
('YmrbYQqU', NULL),
('Yo8WdLk9', NULL),
('YPGXRSPC', NULL),
('ypsZyZT4', NULL),
('yqf2yU6y', NULL),
('yQTuZxFZ', NULL),
('YRZdkRca', NULL),
('ysVh4HzG', NULL),
('yVQbAEWK', NULL),
('YYe3KemX', NULL),
('Yz22QnTR', NULL),
('YznZxKMc', NULL),
('yzy3eSRM', NULL),
('z3syfGLd', NULL),
('z5q4y7AH', NULL),
('Z6DgqFAk', NULL),
('Z7yA6Yan', NULL),
('zAjfi27C', NULL),
('zbmusXh4', NULL),
('ZCVjS9x6', NULL),
('Zd8Q5Lvs', NULL),
('ze6PDeBo', NULL),
('zEesm2P2', NULL),
('zfBuW4Jc', NULL),
('ZfGfnWHz', NULL),
('zFoDm6hm', NULL),
('zha3x5kW', NULL),
('zHvAVWKg', NULL),
('ZJHysxKE', NULL),
('ZmGLcYcC', NULL),
('ZMyBYcxm', NULL),
('zntehujV', NULL),
('ZpTZFxZ2', NULL),
('ZpVHSqhV', NULL),
('zqvm2fus', NULL),
('zSHNC2vx', NULL),
('zt5xwQNW', NULL),
('zudAeY2R', NULL),
('zwh5456B', NULL),
('zwrXcPet', NULL),
('zx2nnTck', NULL),
('Zx5S6SuY', NULL),
('zXizHfLB', NULL),
('zzF5FEdh', NULL);

--
-- Dumping data for table `udemy_coupon`
--

INSERT INTO `udemy_coupon` (`week_of_year`, `coupon`) VALUES
(4, 'ROBOTIX-36X5TGNJ'),
(24, 'ROBOTIX-4C5DEV4J'),
(33, 'ROBOTIX-4GSDG4NX'),
(28, 'ROBOTIX-4H54DDEY'),
(27, 'ROBOTIX-4MN3WGG5'),
(43, 'ROBOTIX-5QAFD2KJ'),
(19, 'ROBOTIX-62KDB6RT'),
(29, 'ROBOTIX-73UXQ6LY'),
(47, 'ROBOTIX-7K8L2QHU'),
(1, 'ROBOTIX-7TGEKUV3'),
(14, 'ROBOTIX-89X5VRHH'),
(20, 'ROBOTIX-9WW4QZZ7'),
(2, 'ROBOTIX-9Y5PV3U9'),
(40, 'ROBOTIX-A73W3PVX'),
(41, 'ROBOTIX-AMS4APSJ'),
(8, 'ROBOTIX-BGXV65ZZ'),
(7, 'ROBOTIX-BNF9UKKB'),
(21, 'ROBOTIX-CVSTC4FX'),
(49, 'ROBOTIX-EPR5DM3T'),
(23, 'ROBOTIX-EURSF56E'),
(30, 'ROBOTIX-G7RWGYYQ'),
(52, 'ROBOTIX-G962PGP8'),
(31, 'ROBOTIX-GUPT9MKB'),
(34, 'ROBOTIX-GWAHC9LN'),
(37, 'ROBOTIX-H2MDQ352'),
(10, 'ROBOTIX-H2W72YAM'),
(36, 'ROBOTIX-J68CRXCM'),
(35, 'ROBOTIX-JFBV8GJH'),
(9, 'ROBOTIX-JQVHLALP'),
(39, 'ROBOTIX-JZJPRDPZ'),
(25, 'ROBOTIX-LPF7BHFA'),
(48, 'ROBOTIX-MSXB4NF3'),
(3, 'ROBOTIX-N77RK69A'),
(45, 'ROBOTIX-N9QQJS9Y'),
(13, 'ROBOTIX-PGG2SBL5'),
(18, 'ROBOTIX-PPB8BQMK'),
(17, 'ROBOTIX-PTLWWZYX'),
(15, 'ROBOTIX-R7T2V6VF'),
(51, 'ROBOTIX-SCSHSHNZ'),
(22, 'ROBOTIX-SQ4HFTKC'),
(11, 'ROBOTIX-T8SSNM6V'),
(46, 'ROBOTIX-T98UGLPQ'),
(5, 'ROBOTIX-VTVCUFCZ'),
(16, 'ROBOTIX-WTDZPX3K'),
(38, 'ROBOTIX-XFNA6U7R'),
(6, 'ROBOTIX-XJL8K5HL'),
(50, 'ROBOTIX-XTKGYBQQ'),
(26, 'ROBOTIX-XVLKJBWN'),
(42, 'ROBOTIX-Y33MP2K2'),
(32, 'ROBOTIX-Y54UFKWX'),
(12, 'ROBOTIX-ZTWGSW8A'),
(44, 'ROBOTIX-ZXANBSTM');

--
-- Dumping data for table `video`
--

INSERT INTO `video` (`id`, `name`, `description`, `yt_id`, `manual`, `code`) VALUES
(1, 'Intro Circuit', 'I explain what an electric circuit is and how to make one in under 5 seconds. I also get into circuit symbols and the use of a breadboard for prototyping. Finally I build a circuit that uses a button to turn on a buzzer and an LED.', 'vVAp9m5UKc8', '1.pdf', ''),
(2, 'Amplifier Circuit', 'I use a transistor as a tool for amplifying current. The current I am amplifying is flowing through my entire upper body from left fingertip to the right. This in turn generates a 40 times larger current that lights an LED.', 'jZxr8Tf5y4s', '2.pdf', ''),
(3, '1600X Amplifier', 'This is a simple device with just 3 components that amplifies currents 1600 times, It uses a neat trick of a transistor amplifying another transistor, otherwise known as the Darlington pair to amplify the MINISCULE current flowing between a persons finger and the ground sufficiently to light a 3mm LED\n\nThe transistors are 2N3904 NPN.', 'xRUPaR4x3IA', '3.pdf', ''),
(4, 'Glow in the Dark Circuit', 'In this tutorial we build the easiest possible glow in the dark circuit. The idea is that we offer the current two possible paths one through an LED and the other through an LDR (Light Dependent Resistor). This way in bright light the current goes around the LED through the LDR, while in the dark the current goes through the LED, turning it on in the process.', 'L7qA86ZdQwI', '4.pdf', ''),
(5, 'Glow in the Dark Circuit', 'This video shows you how to build a really sensitive glow in the dark circuit that reacts to shadows and slight changes in light. The reason it is so sensitive is that the changes in the current flow through the LDR are multiplied by 40 enabling the LED to be turned on and off by mere shadows.\n\nAlso the reason for the 10K variable resistor is that you can build this circuit with almost any kind of LDR\n\np.s: too easy for ya?, well its a part of a free, fully documented (programs+schematics) online course designed to get young kids into electronics, so if you think it''s any good pass it on?', 'ty4rouzBJdI', '5.pdf', ''),
(6, 'Programmable LED Panel', 'In this tutorial we use a program composed of only two functions ("digitalWrite" and "delay") to create fun patterns on our 4 LED panel. The circuit is easy to build and the code easy to modify.... so this is a great starter circuit for programming.', 'RmPvKDIjdE8', '6.pdf', '6.ino'),
(7, 'Button Security Protocol', 'In this tutorial you will learn how to do basic Arduino programming and use an "if function". This will be done by connecting a button as an input and an LED as an output and subsequently program the LED to do different things once the button is pushed.\n\nWas this too easy for ya?, well its a part of a free, fully documented (programs+schematics) online course designed to get young kids into electronics, so if you any that would dig it, good pass it on?', 'jymNEGCAu7s', '7.pdf', '7.ino'),
(8, 'Piano Circuit', 'This is how you create a piano with Arduino', 'cuRTlNpLV2M', '8.pdf', '8.ino'),
(9, 'Sound Detection Circuit', 'This circuit measures the output of a microphone', 'ezesDRFVQ9I', '9.pdf', '9.ino'),
(10, 'Music Reacting Circuit', 'This circuit reacts to sound in a measured way that looks like music bars on stereos', 'jrK9pda1TiY', '10.pdf', '10.ino'),
(11, 'Sound Amplifier Circuit', 'This circuit creates different sound frequencies', 'wYHkUOQ8fG4', '11.pdf', '11.ino'),
(12, 'Laser Trip', 'This circuit detects a laser and creates a sound when the laser beam is intercepted', 'Ymq-OUv49b0', '12.pdf', '12.ino'),
(13, 'Ultrasonic Parking Siren', 'In this tutorial you will learn about how the Ultrasonic sensor HC-SR04 works, you will learn to write a program that converts the sensor output to distance and then modify that program to create a parking sensor sound output.', 'B-tMybBBNYM', '13.pdf', '13.ino'),
(14, '2 minute Laser Target', 'Arduino laser target', 'oEf-zJDsGU4', '', '14.ino'),
(15, '2 minute Ultrasonic Alarm', 'Ultrasonic Alarm', 'pdIUNHps-5s', '15.pdf', '15.ino'),
(16, '2 minute PIR Alarm', 'Ever wondered how to make a burglar alarm or how to beat it?... well its all about Passive Infra Red sensors, in other words heat sensors. PIR alarms sense moving heat so the trick is not to breathe and to be dressed like an Eskimo. \n\nThe module: HC-SR501 works in a simple manner, basically 2 pins connect to 5V and GND and the third pin goes on when motion is detected.', '9sgtnWgqswU', '16.pdf', '16.ino'),
(17, '2 minute Laser Tripwire', 'Ever wondered how it is that elevator doors these days have the kindly habit of not crushing people... well its all about laser tripwires. \n\nWe build a laser tripwire by using an LDR which is connected to an Arduino analog pin through a voltage divider. Thus the reading on the analog pin varies with the light. \nNext we point a laser at the LDR and write a bit of code that says if the value goes down then trip the Alarm!', 'PkD0Z-05aj0', '17.pdf', '17.ino'),
(18, '2 minute Clap Switch', '2 Minute clap switch', '0IALaBXKCAE', '', '18.ino'),
(19, 'Sound Reacting Circuit', 'Sound Reacting Circuit', '878BFINKHcQ', '', '19.ino'),
(20, '2 minute Spectrum Generator', 'Random spectrum generator', 'W4dsmELrPjc', '', '20.ino'),
(21, 'Programming LED patterns', 'This circuit is an ideal starting point for programming newbies, it contains four LED''s connected to four Arduino pins. Your job is to turn the pins on and off in various sequences to get some cool light patterns going!', '9T019GXMqHw', '21.pdf', '21.ino'),
(22, 'Button Triggered LED Patterns', 'This is a circuit which introduces the concept of input / output programming. The output being 4 LED''s and the input being a push button. After completing it you have a great platform to experiment with concepts like if functions and booleans.', 'IDG8q6kX-wc', '22.pdf', '22.rar'),
(23, 'RGB LED Programming', 'Description: In this tutorial we introduce the analogWrite command and use it to achieve colour mixing in an RGB LED. This means that we can produce any colour on the specturm!! We then go on to use the random function and have some fun creating different light shows!', 'Kx8GgL84uB4', '23.pdf', '23.ino'),
(24, 'LDR Sense Program', 'This circuit uses a light dependent resistor in a voltage divider arrangement to act as an analog sensor input to an Arduino. This circuit allows you to respond to changes in light with sound effects and light patterns\n\nYou then learn how to obtain a live reading of the sensor on your Serial Monitor. This sets you up to be able to edit the code and produce various light responding effects with LEDs and buzzers.', 'P7ccuTwO2s0', '24.pdf', '24.ino'),
(25, 'Sound Reacting Circuit', 'This tutorial will show you how to use analog sensors as both switches and graduating reacting circuits. The final effect allows the user to turn lights on and off by clapping.', '6jzHCJ2iWNk', '25.pdf', ''),
(26, 'Self Calibrating Sound Reacting Circuit', 'Cheap Arduino Analog sensors are temperamental, their measurement usually stops aligning with the programmed thresholds sometimes even within a couple of hours. We can solve this!... simply by automatically calibrating the sensors each time the program runs!', 'Ty4ELAjgCQQ', NULL, NULL),
(27, 'V3 3 Laser Tripwire Circuit', 'This circuit sets up a laser and points the laser beam at an LDR laser detector. Then it programs the Arduino to trip an alarm when the laser beam is crossed!', 'xaaZKNPKTGA', '27.pdf', ''),
(28, 'Arduino Challenges', 'Here is a fast fun way to find out how good you are at Arduino programming and learn all the tricks to using the Serial Monitor\n\nMusic sourced from www.free-intro-music.com, thank you Lino Rise!', '9mCHFiOzSEg', NULL, NULL),
(29, 'Loop Counter', 'These challenges are an awesome way to find out how good you are at Arduino programming and learn all the tricks to using the Serial Monitor\n\nMusic sourced from www.free-intro-music.com, thank you Lino Rise!', 'IxunI_kRNLQ', NULL, NULL),
(30, 'Countdown Timer', 'These challenges are an awesome way to find out how good you are at Arduino programming and learn all the tricks to using the Serial Monitor\n\nMusic sourced from www.free-intro-music.com, thank you Lino Rise!', 'XHGyNJ7dJtw', NULL, NULL),
(31, 'Digital Clock', 'These challenges are an awesome way to find out how good you are at Arduino programming and learn all the tricks to using the Serial Monitor\n\nMusic sourced from www.free-intro-music.com, thank you Lino Rise!', 'D3WcTgPv97E', NULL, NULL),
(32, 'Even/Odd Tester', 'These challenges are an awesome way to find out how good you are at Arduino programming and learn all the tricks to using the Serial Monitor\n\nMusic sourced from www.free-intro-music.com, thank you Lino Rise!', 'uhAVDrxbmBI', NULL, NULL),
(33, 'Prime Number Tester', 'These challenges are an awesome way to find out how good you are at Arduino programming and learn all the tricks to using the Serial Monitor\n\nMusic sourced from www.free-intro-music.com, thank you Lino Rise!', 'Jw9dbaJXfuE', NULL, NULL),
(34, 'Factors and Prime Numbers', 'These challenges are an awesome way to find out how good you are at Arduino programming and learn all the tricks to using the Serial Monitor\n\nMusic sourced from www.free-intro-music.com, thank you Lino Rise!', 'vhafMMjCzgM', NULL, NULL),
(35, 'Reversing a Number', 'These challenges are an awesome way to find out how good you are at Arduino programming and learn all the tricks to using the Serial Monitor\n\nMusic sourced from www.free-intro-music.com, thank you Lino Rise!', 'YwQfjmfLENE', NULL, NULL),
(36, 'Programming Challenge 1: Solution', 'These challenges are an awesome way to find out how good you are at Arduino programming and learn all the tricks to using the Serial Monitor\n\nMusic sourced from www.free-intro-music.com, thank you Lino Rise!', 'YBiexz9IbdY', NULL, NULL),
(37, 'Using a Button to Control Buzzer', 'The most basic circuit consists only of two things: a power supply and an output device. These need to be connected in such a way that the current flowing through the output device produces an effect: light, sound motion or something else. We initially produce sound through a buzzer and then include a push button to control the triggering of a buzzer.', 'pf4elQcjTJc', '37.pdf', ''),
(38, 'Using Push Buttons with LED''s', 'This is a circuit where we use a button to turn an LED on and off. It requires the use of a resistor because the 5V 40mA supplied by the Arduino burns out regular LEDs. (see video for demonstration)', '-uneUbGJgpQ', '38.pdf', ''),
(39, 'Playing with an RGB LED', 'This is a circuit where we use three push buttons to control the three primary colours of the RGB LED. After it is set up the three buttons can be used to mix different lights together.', '5Jb4B-mbIQs', '39.pdf', ''),
(40, 'Current Amplifier Circuit (electrocute me', 'This is a device that uses a transistor to amplify a small current into larger one. So we make the small current flow through our bodies and then use the larger one to light an LED!', 'BUavk8DILQw', '40.pdf', ''),
(41, 'Super Amplifier Circuit', 'It is a very simple device that does something truly amazing; it amplifies a current 1600 times. This means that the tiny currents flowing in your skin can be used to light an LED\n\nThis is one of 11 tutorials aimed to get students familiar with the fundamental electronic components and the general wiring of circuits on breadboards. After completing the 11 tutorials students can move on to programming aspects of Arduino with confidence in their circuit making ability', 'WqYctIBsJvo', '41.pdf', ''),
(42, 'Glow in the Dark Circuit', 'It is a circuit which lights up an LED once a sensor is in the shade or in darkness. It works by setting up 2 channels from 5V to the GND in bright light the low resistance of the LDR makes current flow around the LED, while in darkness the current has only the channel with the LED available to it, thus turning it on. \n\nThis is one of 11 tutorials aimed to get students familiar with the fundamental electronic components and the general wiring of circuits on breadboards. After completing the 11 tutorials students can move on to programming aspects of Arduino with confidence in their circuit making ability.\n\nNOTE: Breadboard only no code.', 'FnA6uKr8xBo', '42.pdf', ''),
(43, 'AND Logic GATE Circuit', 'It is an electric circuit that represents the logical AND statement. Basically it has two inputs and one output, Both inputs need to be On (1) for the output to be On (1). See table on the right\n\nThis is one of 11 tutorials aimed to get students familiar with the fundamental electronic components and the general wiring of circuits on breadboards. After completing the 11 tutorials students can move on to programming aspects of Arduino with confidence in their circuit making ability', '9fmG2uMkMts', '43.pdf', ''),
(44, 'Or Logic Gate', 'It is an electric circuit (built using transistors) that represents the logical OR statement. Basically it has two inputs and one output, only of the inputs needs to be On (1) for the output to be On (1). \n\nThis is one of 11 tutorials aimed to get students familiar with the fundamental electronic components and the general wiring of circuits on breadboards. After completing the 11 tutorials students can move on to programming aspects of Arduino with confidence in their circuit making ability.', 'GaTZVV0AeR0', '44.pdf', ''),
(45, 'NOT Logic GATE', 'It is an electric circuit (built with 2N3904 transistors) that represents the logical NOT statement. Basically it has only one input and one output, If the input is On (1) for the output will be Off (0) and vice versa. \n\nThis is one of 11 tutorials aimed to get students familiar with the fundamental electronic components and the general wiring of circuits on breadboards. After completing the 11 tutorials students can move on to programming aspects of Arduino with confidence in their circuit making ability.', '3B4I8u19ElQ', '45.pdf', ''),
(46, 'NAND Logic GATE Circuit', 'It is an electric circuit (built with 2N3904 transistors) that represents the logical NAND statement. This means that there are 2 button inputs and one LED output. The LED is on in all cases other than when both the inputs are on. (see truth table)\n\nThis is one of 11 tutorials aimed to get students familiar with the fundamental electronic components and the general wiring of circuits on breadboards. After completing the 11 tutorials students can move on to programming aspects of Arduino with confidence in their circuit making ability.', 'XoQcQRM-6OQ', '46.pdf', ''),
(47, 'NOR Logic Gate', 'It is an electric circuit (built with 2N3904 transistors) that represents the logical NOR statement. This means that there are 2 button inputs and one LED output. The output LED is on when both inputs are off. The output LED is OFF in all other cases\n\nThis is one of 11 tutorials aimed to get students familiar with the fundamental electronic components and the general wiring of circuits on breadboards. After completing the 11 tutorials students can move on to programming aspects of Arduino with confidence in their circuit making ability.', 'OIpOuCq3fpI', '47.pdf', ''),
(48, 'DC Motor', 'Music  obtained with a CC license from http://www.linorise.com/', 'o9xkVLC2UWI', NULL, NULL),
(49, 'Homopolar Motor', 'Music  obtained with a CC license from http://www.linorise.com/', '-3XXNnHmO_8', NULL, NULL),
(50, 'Electromagnetic Inductor', 'Music  obtained with a CC license from http://www.linorise.com/', 'pjQl4Pur-BA', NULL, NULL),
(51, 'Loudspeaker', 'Built using round neodymium magnet.\n\nMusic  obtained with a CC license from http://www.linorise.com/', 'B7p2FuJkzkc', NULL, NULL),
(52, 'Doing Arithmetic', 'For code, handouts and teacher lesson plans go to: http://techxellent.courses/p/algebra-and-arithmetic', 'q8oDgkf9xuI', '', ''),
(53, 'Generate Times Tables', 'For code, handouts and teacher lesson plans go to: http://techxellent.courses/p/algebra-and-arithmetic', 'LAheucpZoqo', '', ''),
(54, 'Factorizing Integers', 'For code, handouts and teacher lesson plans go to: http://techxellent.courses/p/algebra-and-arithmetic', 'PNokF_ya3g0', '', ''),
(55, 'Checking if a number is a Prime', 'For code, handouts and teacher lesson plans go to: http://techxellent.courses/p/algebra-and-arithmetic', 'fe8FT5xvUP8', '', ''),
(56, 'Generating a List of Prime Numbers', 'For code, handouts and teacher lesson plans go to: http://techxellent.courses/p/algebra-and-arithmetic', 'BsI9zYo2spI', '', ''),
(57, 'Sketching plotting Functions', 'For code, manuals and teacher lesson plans go to: http://techxellent.courses/p/co-ordinate-geometry', 'ALBMdDBrnZE', '', ''),
(58, 'Find X Y  Intercepts of a Curve', 'For code, manuals and teacher lesson plans go to: http://techxellent.courses/p/co-ordinate-geometry', 'EQjTi01-q30', '', ''),
(59, 'Find Intercepts of two Curves', 'For code, manuals and teacher lesson plans go to: http://techxellent.courses/p/co-ordinate-geometry', 'Yos6WPU1u94', '', ''),
(60, 'Creating Movement Animations', 'For code, handouts and teacher lesson plans go to: http://techxellent.courses/p/character-and-environment-set-up\n\nIn this tutorial we set up movement animations which perform three tasks 1. when the left arrow is pushed the Princess Super Maria character appears to be walking to her left through a series of costume changes. 2. when the right arrow is pushed the Princess Super Maria character appears to be walking to her right through a series of costume changes. 3. Up arrow takes Super Maria 5 pixels up, do', 'nQXmvC_Bn0s', '', ''),
(61, 'Building a series of Backgrounds', 'For code, handouts and teacher lesson plans go to: http://techxellent.courses/p/character-and-environment-set-up\n\nIn this tutorial we design 6 different backdrops, we make sure of the following:\n\nAll the platforms in each backdrop are of the same colour\nThe last platform in a backdrop is positioned so that our hero can jump from it to the first platform in the next backdrop\nThe floor / bottom of each backdrop is the same colour.', 'quB35MuIsVc', '', ''),
(62, 'Switching Backgrounds', 'For code, handouts and teacher lesson plans go to: http://techxellent.courses/p/character-and-environment-set-up\n\n\nIn this tutorial Super Maria begins to expand her world. When she navigates around the screen she moves from one backdrop to the next. This functionality will allow us to make the game space as big as we wish it to be!', 'e8nPZANwIPU', '', ''),
(63, 'Creating Gravity, Jumping and Collisions', 'For code, handouts and teacher lesson plans go to: http://techxellent.courses/p/character-and-environment-set-up\n\nIn this tutorial Super Maria learns about gravity and falling. In effect this means that unless she is standing on a platform a block of code which is constantly taking her y coordinate down by 5 is engaged. So as soon as she has learned to fall she gets onto picking up some jumping skills.', 'WOjbN-yDEz4', '', ''),
(64, 'Creating a Prize and Winning Conditions', 'For code, handouts and teacher lesson plans go to:  http://techxellent.courses/p/implemeting-game-dynamics\n\nWinning!, its pretty cool and rather necessary when it comes to games. So we create a winning condition as a prize in the form of a saxophone which is found on the very last backdrop (what the saxophone does will remain a surprise).', '4OTRPM5iOE0', '', ''),
(65, 'Timing and Various GAME OVER Scenarios', 'For code, handouts and teacher lesson plans go to:  http://techxellent.courses/p/implemeting-game-dynamics\n\nThere are several ways for the game to end tragically for Super Maria. She could fall off the platform into the lava or get captured by the cute but dangerous platform dogs. Either way we create a single message block of code which can be activated once the game is over and add some drama to such an event.', 'LEa7YM4CUVA', '', ''),
(66, 'Course Optimisation and Jump Power', 'For code, handouts and teacher lesson plans go to:  http://techxellent.courses/p/implemeting-game-dynamics\n\nWe are getting close to having a working game and at this stage the most common issues is that one or two platforms are either too high or too far. We can do two things about this issue: one, we can re draw the platforms, two, we can create a variable which allows us to test different jump powers for Super Maria thus giving her the ability to just make the difficult jumps!', 'O9l5V3NzGDY', '', ''),
(67, 'Creating Reproducible Villains', 'For code, handouts and teacher lesson plans go to:  http://techxellent.courses/p/implemeting-game-dynamics\n\nAs the last step we create a fun and crucial component of every video game: villains!. In our case our villains are platform dogs which walk up and down platforms protecting them from any and all intruders. The platforms dogs are designed to be easily duplicated so that once we have created one we can make multiple copies and have platform dogs active on different backgrounds.', 'rjrRTJ1IUyU', '', ''),
(68, 'Python Variables and Data Types', '', 'PCU9w1jrOYk', NULL, NULL),
(69, 'String operations', 'Concatination, segmenting, capitalisation, centering etc..', 'uXxc6w1xO8o', NULL, NULL),
(70, 'User Inputs: variable = input()', '', 'S45PzPoHAeA', NULL, NULL),
(71, 'Loops and Iteration', 'For loops and loop variables.', 'yUTs8Jt99d0', NULL, NULL),
(72, 'If Else Statements', 'Branching, Flow Control', 'Cbi_RHVIaNE', NULL, NULL),
(73, 'Authentication Program', '', '6YMj1AXVjOo', NULL, NULL),
(74, 'Dcitionaries authentication program', '', 'BaWAAqG0Hec', NULL, NULL),
(75, 'Booleans and While Loops', '', 'pbNEBoPvl8w', NULL, NULL),
(76, 'Python Guess the Number Game', '', 'MmAI_3nEu4o', NULL, NULL),
(77, 'Functions in Python', 'Applied to word counting and word search', 'oR6pMSqRNB8', NULL, NULL),
(78, 'Caesar Cypher Algorithm', 'Flowchart + process explanation', 'I0KBt7PoHqo', NULL, NULL),
(79, 'Caesar Cypher', 'Creating a dictionary to translate text to cyphertext', 'HTDyWTKvF38', NULL, NULL),
(80, 'Caesar Cypher Encryption Program', '', '5SvSZljpLs0', NULL, NULL),
(81, 'Decoding Caesar Cypher by brute force', '', '0wdRh7QVzbw', NULL, NULL),
(82, 'Teacher Tip: Using the Help Function in Scratch', 'FREE MODULE: https://goo.gl/bLnxqh', 'am4FnxtRZ9Q', NULL, NULL),
(83, 'Teacher Tip: How to assess students in Scratch', 'FREE MODULE: http://techxellent.courses/p/advanced-concepts/?product_id=266523&coupon_code=ABC', 'DlAGKJzoR30', '', ''),
(84, 'I am starting a VLOG!', 'SOCIAL:\nTwitter: https://twitter.com/SanjinDedic\nMINDS:  https://www.minds.com/SanjinDedic\nFacebook Page:  https://www.facebook.com/RobotixAu/\nLinkedIn:  https://au.linkedin.com/in/sanjin-dedic-a028b9113\n\nWEBSITES\nTechxellent.com.au\nRobotix.com.au', 'L3vo_OaiWMM', NULL, NULL),
(85, 'VLOG: Working on a Probability Pokemon Game', 'SOCIAL:\nTwitter: https://twitter.com/SanjinDedic\nFacebook Page:  https://www.facebook.com/RobotixAu/\nLinkedIn:  https://au.linkedin.com/in/sanjin-dedic-a028b9113\nMINDS:  https://www.minds.com/SanjinDedic\n\n\nWEBSITES\nTechxellent.com.au\nRobotix.com.au', 'uKOOyMm96_s', '', '85.rar'),
(86, 'Infra Red Obstacle Detector', 'Go to Robotix.com.au to download schematics, programs and handouts for FREE!\n\n\n-~-~~-~~~-~~-~-\nSchool: Created by tyrants and Tycoons\nInherited by low grade academics and bureocrats\nhttps://www.youtube.com/watch?v=4LqwnI0rCwo\n-~-~~-~~~-~~-~-', 'gRtdcxOXojo', '', '86.ino'),
(90, 'W.I.P. Plug-n-play lcd screen can it be done?', 'Go to Robotix.com.au to download schematics, programs and handouts for FREE!\n\n-~-~~-~~~-~~-~-\nSchool: Created by tyrants and Tycoons\nInherited by low grade academics and bureocrats\nhttps://www.youtube.com/watch?v=4LqwnI0rCwo\n-~-~~-~~~-~~-~-', 'cPqJl7KE4-Y', NULL, NULL),
(91, 'W.I.P. Automated Plant Watering', 'Go to Robotix.com.au to download schematics, programs and handouts for FREE!\n\n-~-~~-~~~-~~-~-\nSchool: Created by tyrants and Tycoons\nInherited by low grade academics and bureocrats\nhttps://www.youtube.com/watch?v=4LqwnI0rCwo\n-~-~~-~~~-~~-~-', '2167j6udJK4', NULL, NULL),
(92, 'How Data is Transmited by RF circuits (Wifi, bluetooth, phone, radio etc...)', 'Go to Robotix.com.au to download schematics, programs and handouts for FREE!\n\n-~-~~-~~~-~~-~-\nSchool: Created by tyrants and Tycoons\nInherited by low grade academics and bureocrats\nhttps://www.youtube.com/watch?v=4LqwnI0rCwo\n-~-~~-~~~-~~-~-', '5V3q9_bqu_o', NULL, NULL),
(93, 'RF 433Mhz Remote Communication Circuit', 'Go to Robotix.com.au to download schematics, programs and handouts for FREE!\n\n-~-~~-~~~-~~-~-\nSchool: Created by tyrants and Tycoons\nInherited by low grade academics and bureocrats\nhttps://www.youtube.com/watch?v=4LqwnI0rCwo\n-~-~~-~~~-~~-~-', 'gkc9xN9pZ4Y', NULL, NULL),
(94, 'Radio Frequency Transmission Full Tutorial', 'Go to Robotix.com.au to download schematics, programs and handouts for FREE!\nLearn more about this tutorial here:\nhttps://www.instructables.com/id/433-MHz-RF-Links-Theory-Circuit-and-Program/\n\n\n\n\n-~-~~-~~~-~~-~-\nSchool: Created by tyrants and Tycoons\nInherited by low grade academics and bureocrats\nhttps://www.youtube.com/watch?v=4LqwnI0rCwo\n-~-~~-~~~-~~-~-', '6g2Zg7pMU4Q', NULL, NULL),
(95, '4WD Arduino Rover', 'Go to Robotix.com.au to download schematics, programs and handouts for FREE!\n\n-~-~~-~~~-~~-~-\nSchool: Created by tyrants and Tycoons\nInherited by low grade academics and bureocrats\nhttps://www.youtube.com/watch?v=4LqwnI0rCwo\n-~-~~-~~~-~~-~-', 'Mq0DAJJ78PE', NULL, NULL),
(96, 'Infra Red Remote Control', 'This tutorial explains how infra red signals from remote controls are encoded by the library and how you can use the unique codes of each button to run any code you like and turn devices on and off\n\n\n\n\n\nGo to Robotix.com.au to download schematics, programs and handouts for FREE!\n\n-~-~~-~~~-~~-~-\nSchool: Created by tyrants and Tycoons\nInherited by low grade academics and bureocrats\nhttps://www.youtube.com/watch?v=4LqwnI0rCwo\n-~-~~-~~~-~~-~-', '-LZbdNVQOd0', '', '96.ino'),
(97, 'Robot Bat First Test', 'Go to Robotix.com.au to download schematics, programs and handouts for FREE!\n\n-~-~~-~~~-~~-~-\nSchool: Created by tyrants and Tycoons\nInherited by low grade academics and bureocrats\nhttps://www.youtube.com/watch?v=4LqwnI0rCwo\n-~-~~-~~~-~~-~-', '1l3H3kItk9o', NULL, NULL),
(98, 'Robotic Bat (Ultrasonic Control)', 'Go to Robotix.com.au to download schematics, programs and handouts for FREE!\n\n-~-~~-~~~-~~-~-\nSchool: Created by tyrants and Tycoons\nInherited by low grade academics and bureocrats\nhttps://www.youtube.com/watch?v=4LqwnI0rCwo\n-~-~~-~~~-~~-~-', 'VY2veFBzKas', NULL, NULL),
(99, 'Physics Engine in Scratch', 'This is a pretty awesome physics engine! created in Scratch. Program can be downloaded here! \nhttps://drive.google.com/open?id=0Byx0GIFHOhqEWm1TeEJJRnNuV28\n\nSOCIAL:\nMINDS:  https://www.minds.com/SanjinDedic\nFacebook Page:  https://www.facebook.com/RobotixAu/\nLinkedIn:  https://au.linkedin.com/in/sanjin-dedic-a028b9113\n\nWEBSITES\nTechxellent.com.au\nRobotix.com.au', 'NiKnqQ-FwlY', '', '99.sb2'),
(100, 'Python Word Ranking Algorithm', 'GET THE COURSE BELOW FREE - Solve this challenge and post in comments\nhttps://www.udemy.com/computational-thinking-in-python/\n\nSOCIAL:\nMINDS:  https://www.minds.com/SanjinDedic\nFacebook Page:  https://www.facebook.com/RobotixAu/\nLinkedIn:  https://au.linkedin.com/in/sanjin-dedic-a028b9113\n\nWEBSITES\nTechxellent.com.au\nRobotix.com.au', 'GKooYXmgY24', '', '100.py'),
(101, 'Prime Number Optimisation Algorithm', 'GET THE COURSE BELOW FREE - Solve this challenge and post in comments\nhttps://www.udemy.com/computational-thinking-in-python/\n\nSOCIAL:\nMINDS:  https://www.minds.com/SanjinDedic\nFacebook Page:  https://www.facebook.com/RobotixAu/\nLinkedIn:  https://au.linkedin.com/in/sanjin-dedic-a028b9113\n\nWEBSITES\nTechxellent.com.au\nRobotix.com.au', 'HJUM9Czcegs', '', '101.py'),
(102, 'Generative Art - Creating Clouds Using Python and Turtle', 'GET THE COURSE BELOW FREE - Solve this challenge and post in comments\nhttps://www.udemy.com/computational-thinking-in-python/\n\n\nSOCIAL:\nMINDS:  https://www.minds.com/SanjinDedic\nFacebook Page:  https://www.facebook.com/RobotixAu/\nLinkedIn:  https://au.linkedin.com/in/sanjin-dedic-a028b9113\n\nWEBSITES\nTechxellent.com.au\nRobotix.com.au', '2bvidsm0VUg', '', '102.py'),
(103, 'Pokemon Probability in Pygame (Python)', 'VLOG: Pygame Pokemon Probability\n\nSOCIAL:\nTwitter: https://twitter.com/SanjinDedic\nFacebook Page:  https://www.facebook.com/RobotixAu/\nLinkedIn:  https://au.linkedin.com/in/sanjin-dedic-a028b9113\nMINDS:  https://www.minds.com/SanjinDedic\n\n\nWEBSITES\nTechxellent.com.au\nRobotix.com.au', 'XreDxIt_SsQ', '', '103.sb2'),
(104, 'Projectile Motion Game in Scratch (Angry Birds Style Game)', 'Here is a Scratch Projectile motion game implemented by a student of mine\n\nSOCIAL:\nMINDS:  https://www.minds.com/SanjinDedic\nFacebook Page:  https://www.facebook.com/RobotixAu/\nLinkedIn:  https://au.linkedin.com/in/sanjin-dedic-a028b9113\n\nWEBSITES\nTechxellent.com.au\nTechxellent.courses\nRobotix.com.au', 'RRlCXnQV8vc', '', '104.sb2'),
(105, 'Python Enchant English Dictionary + Caesar Cipher Decryption', 'Get the code here:\n\n\nSOCIAL:\nTwitter: https://twitter.com/SanjinDedic\nFacebook Page:  https://www.facebook.com/RobotixAu/\nLinkedIn:  https://au.linkedin.com/in/sanjin-dedic-a028b9113\nMINDS:  https://www.minds.com/SanjinDedic\n\n\nWEBSITES\nTechxellent.com.au\nRobotix.com.au', 'vdhCzy4Ibps', '', '105.rar'),
(117, 'Sound Effects with Arduino (including Fibonacci, randomness and space guns)', 'Learn how to create sound effects with Arduino using just a loudspeaker and the tone function! \n\nSOCIAL:\nTwitter: https://twitter.com/SanjinDedic\nFacebook Page:  https://www.facebook.com/RobotixAu/\nLinkedIn:  https://au.linkedin.com/in/sanjin-dedic-a028b9113\nMINDS:  https://www.minds.com/SanjinDedic\n\n\nWEBSITES\nTechxellent.com.au\nRobotix.com.au', 'hvEFVRkkNYE', '', '117.ino'),
(118, 'Arduino Guessing Game with an 7 Segment Display', 'SOCIAL:\nTwitter: https://twitter.com/SanjinDedic\nFacebook Page:  https://www.facebook.com/RobotixAu/\nLinkedIn:  https://au.linkedin.com/in/sanjin-dedic-a028b9113\nMINDS:  https://www.minds.com/SanjinDedic\n\n\nWEBSITES\nTechxellent.com.au\nRobotix.com.au', 'qrDs9rd5Mso', '', '118.ino'),
(119, 'Arduino Light Theremin', 'SOCIAL:\nTwitter: https://twitter.com/SanjinDedic\nFacebook Page:  https://www.facebook.com/RobotixAu/\nLinkedIn:  https://au.linkedin.com/in/sanjin-dedic-a028b9113\nMINDS:  https://www.minds.com/SanjinDedic\n\n\nWEBSITES\nTechxellent.com.au\nRobotix.com.au', 'Azz3pd28ncU', '', '119.ino'),
(120, 'Arduino Double Clap Swtich', 'SOCIAL:\nTwitter: https://twitter.com/SanjinDedic\nFacebook Page:  https://www.facebook.com/RobotixAu/\nLinkedIn:  https://au.linkedin.com/in/sanjin-dedic-a028b9113\nMINDS:  https://www.minds.com/SanjinDedic\n\n\nWEBSITES\nTechxellent.com.au\nRobotix.com.au', 'eU18DZ-1vmQ', '', '120.ino'),
(121, 'Arduino Infra Red Remote Control', 'SOCIAL:\nTwitter: https://twitter.com/SanjinDedic\nFacebook Page:  https://www.facebook.com/RobotixAu/\nLinkedIn:  https://au.linkedin.com/in/sanjin-dedic-a028b9113\nMINDS:  https://www.minds.com/SanjinDedic\n\n\nWEBSITES\nTechxellent.com.au\nRobotix.com.au', 'HLHngroqBA4', '', '121.ino');

--
-- Dumping data for table `videos_in_pl`
--

INSERT INTO `videos_in_pl` (`playlist_id`, `video_id`, `yt_id`) VALUES
(1, 1, 'vVAp9m5UKc8'),
(1, 2, 'jZxr8Tf5y4s'),
(1, 3, 'xRUPaR4x3IA'),
(1, 4, 'L7qA86ZdQwI'),
(1, 5, 'ty4rouzBJdI'),
(1, 6, 'RmPvKDIjdE8'),
(1, 7, 'jymNEGCAu7s'),
(1, 8, 'cuRTlNpLV2M'),
(1, 9, 'ezesDRFVQ9I'),
(1, 10, 'jrK9pda1TiY'),
(1, 11, 'wYHkUOQ8fG4'),
(1, 12, 'Ymq-OUv49b0'),
(1, 13, 'B-tMybBBNYM'),
(2, 14, 'oEf-zJDsGU4'),
(2, 15, 'pdIUNHps-5s'),
(2, 16, '9sgtnWgqswU'),
(2, 17, 'PkD0Z-05aj0'),
(2, 18, '0IALaBXKCAE'),
(2, 19, '878BFINKHcQ'),
(2, 20, 'W4dsmELrPjc'),
(3, 21, '9T019GXMqHw'),
(3, 22, 'IDG8q6kX-wc'),
(3, 23, 'Kx8GgL84uB4'),
(3, 24, 'P7ccuTwO2s0'),
(3, 25, '6jzHCJ2iWNk'),
(3, 26, 'Ty4ELAjgCQQ'),
(3, 27, 'xaaZKNPKTGA'),
(4, 25, '6jzHCJ2iWNk'),
(4, 26, 'Ty4ELAjgCQQ'),
(4, 27, 'xaaZKNPKTGA'),
(5, 28, '9mCHFiOzSEg'),
(5, 29, 'IxunI_kRNLQ'),
(5, 30, 'XHGyNJ7dJtw'),
(5, 31, 'D3WcTgPv97E'),
(5, 32, 'uhAVDrxbmBI'),
(5, 33, 'Jw9dbaJXfuE'),
(5, 34, 'vhafMMjCzgM'),
(5, 35, 'YwQfjmfLENE'),
(5, 36, 'YBiexz9IbdY'),
(6, 37, 'pf4elQcjTJc'),
(6, 38, '-uneUbGJgpQ'),
(6, 39, '5Jb4B-mbIQs'),
(6, 40, 'BUavk8DILQw'),
(6, 41, 'WqYctIBsJvo'),
(6, 42, 'FnA6uKr8xBo'),
(6, 43, '9fmG2uMkMts'),
(6, 44, 'GaTZVV0AeR0'),
(6, 45, '3B4I8u19ElQ'),
(6, 46, 'XoQcQRM-6OQ'),
(6, 47, 'OIpOuCq3fpI'),
(7, 48, 'o9xkVLC2UWI'),
(7, 49, '-3XXNnHmO_8'),
(7, 50, 'pjQl4Pur-BA'),
(7, 51, 'B7p2FuJkzkc'),
(8, 52, 'q8oDgkf9xuI'),
(8, 53, 'LAheucpZoqo'),
(8, 54, 'PNokF_ya3g0'),
(8, 55, 'fe8FT5xvUP8'),
(8, 56, 'BsI9zYo2spI'),
(8, 57, 'ALBMdDBrnZE'),
(8, 58, 'EQjTi01-q30'),
(8, 59, 'Yos6WPU1u94'),
(9, 60, 'nQXmvC_Bn0s'),
(9, 61, 'quB35MuIsVc'),
(9, 62, 'e8nPZANwIPU'),
(9, 63, 'WOjbN-yDEz4'),
(9, 64, '4OTRPM5iOE0'),
(9, 65, 'LEa7YM4CUVA'),
(9, 66, 'O9l5V3NzGDY'),
(9, 67, 'rjrRTJ1IUyU'),
(9, 104, 'RRlCXnQV8vc'),
(10, 68, 'PCU9w1jrOYk'),
(10, 69, 'uXxc6w1xO8o'),
(10, 70, 'S45PzPoHAeA'),
(10, 71, 'yUTs8Jt99d0'),
(10, 72, 'Cbi_RHVIaNE'),
(10, 73, '6YMj1AXVjOo'),
(10, 74, 'BaWAAqG0Hec'),
(10, 75, 'pbNEBoPvl8w'),
(10, 76, 'MmAI_3nEu4o'),
(10, 77, 'oR6pMSqRNB8'),
(10, 78, 'I0KBt7PoHqo'),
(10, 79, 'HTDyWTKvF38'),
(10, 80, '5SvSZljpLs0'),
(10, 81, '0wdRh7QVzbw'),
(11, 84, 'L3vo_OaiWMM'),
(11, 85, 'uKOOyMm96_s');

/*!40101 SET CHARACTER_SET_CLIENT=@OLD_CHARACTER_SET_CLIENT */;
/*!40101 SET CHARACTER_SET_RESULTS=@OLD_CHARACTER_SET_RESULTS */;
/*!40101 SET COLLATION_CONNECTION=@OLD_COLLATION_CONNECTION */;
